,num_positions,max_weight,hhi,daily_turnover,gross_value
2018-03-13,1,0.12747229358127962,0.01624918563087194,0.0,12747.229358127963
2018-03-14,1,0.1281335512151418,0.01641820694700337,0.0006612576338621834,12805.844548957977
2018-03-15,1,0.12699109199895353,0.01612673744708668,0.001142459216188274,12704.531453437998
2018-03-16,1,0.1268311944625163,0.01608615188878863,0.00015989753643722016,12690.335377741743
2018-03-19,1,0.12654254785727645,0.0160130164182111,0.00028864660523986174,12664.698456319453
2018-03-20,1,0.12611095930812458,0.015903974057615452,0.0004315885491518734,12626.341246534463
2018-03-21,1,0.12599018974866988,0.01587352791290584,0.00012076955945469758,12615.602648934291
2018-03-22,1,0.12738466542405147,0.016226852985197535,0.0013944756753815901,12739.456664395679
2018-03-23,1,0.12675523129316285,0.01606688866018321,0.0006294341308886175,12683.589778900643
2018-03-26,1,0.1277031618821226,0.016308097554691613,0.0009479305889597556,12767.701793485658
2018-03-27,1,0.12637203561749785,0.015969891386110147,0.0013311262646247546,12649.547781438376
2018-03-28,0,0.0,0.0,0.12637203561749785,0.0
2018-03-29,0,0.0,0.0,0.0,0.0
2018-03-30,0,0.0,0.0,0.0,0.0
2018-04-02,0,0.0,0.0,0.0,0.0
2018-04-03,1,0.14989770583005949,0.02246932221311505,0.14989770583005949,18828.26533349088
2018-04-04,1,0.1496751341945594,0.022402645796159366,0.00022257163550007397,18803.948333052755
2018-04-05,1,0.14933586882663266,0.022301201718205238,0.0003392653679267499,18766.863872852853
2018-04-06,1,0.1503606963063126,0.022608338993719168,0.0010248274796799406,18878.819080002082
2018-04-09,1,0.15030054679457905,0.022590254366749447,6.014951173355376e-05,18872.253678708774
2018-04-10,1,0.14912079590020708,0.022237011769911216,0.0011797508943719726,18743.343314293696
2018-04-11,0,0.0,0.0,0.14912079590020708,0.0
2018-04-12,0,0.0,0.0,0.0,0.0
2018-04-13,0,0.0,0.0,0.0,0.0
2018-04-16,0,0.0,0.0,0.0,0.0
2018-04-17,0,0.0,0.0,0.0,0.0
2018-04-18,0,0.0,0.0,0.0,0.0
2018-04-19,0,0.0,0.0,0.0,0.0
2018-04-20,0,0.0,0.0,0.0,0.0
2018-04-23,0,0.0,0.0,0.0,0.0
2018-04-24,0,0.0,0.0,0.0,0.0
2018-04-25,0,0.0,0.0,0.0,0.0
2018-04-26,0,0.0,0.0,0.0,0.0
2018-04-27,0,0.0,0.0,0.0,0.0
2018-04-30,0,0.0,0.0,0.0,0.0
2018-05-01,0,0.0,0.0,0.0,0.0
2018-05-02,0,0.0,0.0,0.0,0.0
2018-05-03,0,0.0,0.0,0.0,0.0
2018-05-04,0,0.0,0.0,0.0,0.0
2018-05-07,0,0.0,0.0,0.0,0.0
2018-05-08,1,0.12714786309526832,0.016166579089693097,0.12714786309526832,20783.716742370845
2018-05-09,1,0.12717783222506016,0.01617420100946555,2.9969129791834748e-05,20788.06280362189
2018-05-10,1,0.12692870171297232,0.016110895318540704,0.00024913051208783066,20751.927385624036
2018-05-11,1,0.12697472550756383,0.01612258091772118,4.602379459150985e-05,20758.604162259297
2018-05-14,0,0.0,0.0,0.12697472550756383,0.0
2018-05-15,1,0.14350557298575553,0.020593849477970008,0.14350557298575553,29453.973395925823
2018-05-16,1,0.14263068008358795,0.020343510901106813,0.0008748929021675789,29244.532215138428
2018-05-17,1,0.1419979803102902,0.020163426412201566,0.0006326997732977457,29093.33593909688
2018-05-18,1,0.14238813227960576,0.020274380214074506,0.00039015196931554974,29186.544193720532
2018-05-21,1,0.1418233313679578,0.020113857320305562,0.0005648009116479558,29051.639342187336
2018-05-22,1,0.14164463720640294,0.020063203249333507,0.00017869416155485984,29008.99453062156
2018-05-23,1,0.14269289698312268,0.02036126284943606,0.00104825977671974,29259.41224041707
2018-05-24,1,0.14252934635769302,0.02031461457315122,0.0001635506254296648,29220.30148662228
2018-05-25,1,0.1431691232784313,0.020497397860314657,0.000639776920738272,29373.379867527812
2018-05-28,1,0.1425810983585778,0.020329369609138438,0.0005880249198534915,29232.675611411203
2018-05-29,1,0.14252821733971724,0.020314292738037674,5.288101886055663e-05,29220.03155024295
2018-05-30,1,0.1419304013027252,0.020144238813952615,0.0005978160369920493,29077.19976210495
2018-05-31,1,0.14178015942439823,0.02010161360640778,0.00015024187832696212,29041.334863824726
2018-06-01,1,0.14249247570868245,0.020304105633589458,0.0007123162842842257,29211.48646784243
2018-06-04,1,0.14132786648108958,0.019973565844096684,0.0011646092275928721,28933.441792240585
2018-06-05,1,0.14174177030678117,0.020090729449700313,0.0004139038256915917,29032.172843148328
2018-06-06,1,0.14201283193549066,0.020167644434337918,0.00027106162870949024,29096.882476484418
2018-06-07,1,0.14167627554641413,0.02007216705270346,0.0003365563890765366,29016.543629468404
2018-06-08,1,0.1407211798629096,0.019802450462009357,0.0009550956835045199,28788.896948449572
2018-06-11,1,0.14087031173019116,0.019844444726961234,0.00014913186728154892,28824.40912459581
2018-06-12,1,0.14058288403250765,0.019763547282897496,0.00028742769768350107,28755.97612838747
2018-06-13,1,0.14084841969584158,0.019838277330815935,0.00026553566333392675,28819.195289808715
2018-06-14,1,0.14096113148105757,0.01987004058842,0.0001127117852159909,28846.0417101208
2018-06-15,0,0.0,0.0,0.14096113148105757,0.0
2018-06-18,0,0.0,0.0,0.0,0.0
2018-06-19,0,0.0,0.0,0.0,0.0
2018-06-20,0,0.0,0.0,0.0,0.0
2018-06-21,0,0.0,0.0,0.0,0.0
2018-06-22,1,0.12972715562784812,0.016829134907291925,0.12972715562784812,26586.301787084245
2018-06-25,1,0.13058187061131513,0.017051624932350243,0.0008547149834670087,26741.23564480577
2018-06-26,1,0.13101690066895488,0.017165428260898792,0.000435030057639757,26820.003452038272
2018-06-27,1,0.13244508279084172,0.017541699955472917,0.001428182121886834,27078.168800425825
2018-06-28,1,0.13149907168468963,0.017292005853935144,0.0009460111061520837,26907.23596956634
2018-06-29,1,0.1310478348148104,0.01717353500964983,0.0004512368698792457,26825.60217095163
2018-07-02,1,0.13034449554690697,0.016989687519377652,0.0007033392679034189,26698.23025810157
2018-07-03,1,0.13011798879874328,0.016930691009029882,0.0002265067481636851,26657.177046668636
2018-07-04,0,0.0,0.0,0.13011798879874328,0.0
2018-07-05,0,0.0,0.0,0.0,0.0
2018-07-06,0,0.0,0.0,0.0,0.0
2018-07-09,0,0.0,0.0,0.0,0.0
2018-07-10,0,0.0,0.0,0.0,0.0
2018-07-11,0,0.0,0.0,0.0,0.0
2018-07-12,0,0.0,0.0,0.0,0.0
2018-07-13,0,0.0,0.0,0.0,0.0
2018-07-16,1,0.15406798400017302,0.02373694369387757,0.15406798400017302,39786.5156854521
2018-07-17,1,0.15465359045090074,0.023917733039354936,0.0005856064507277214,39917.487441116
2018-07-18,1,0.1537393055662873,0.023635774076004253,0.0009142848846134533,39712.94801094833
2018-07-19,1,0.15162874606452106,0.022991276633099012,0.0021105595017662238,39239.54358294453
2018-07-20,1,0.15204958844769495,0.02311907734711341,0.0004208423831738861,39334.07816356742
2018-07-23,1,0.1513372076231123,0.022902950411161003,0.0007123808245826369,39174.01425838802
2018-07-24,1,0.15104269293303926,0.02281389508846439,0.00029451469007305,39107.78225523173
2018-07-25,0,0.0,0.0,0.15104269293303926,0.0
2018-07-26,0,0.0,0.0,0.0,0.0
2018-07-27,0,0.0,0.0,0.0,0.0
2018-07-30,0,0.0,0.0,0.0,0.0
2018-07-31,0,0.0,0.0,0.0,0.0
2018-08-01,0,0.0,0.0,0.0,0.0
2018-08-02,0,0.0,0.0,0.0,0.0
2018-08-03,0,0.0,0.0,0.0,0.0
2018-08-06,0,0.0,0.0,0.0,0.0
2018-08-07,0,0.0,0.0,0.0,0.0
2018-08-08,0,0.0,0.0,0.0,0.0
2018-08-09,0,0.0,0.0,0.0,0.0
2018-08-10,0,0.0,0.0,0.0,0.0
2018-08-13,0,0.0,0.0,0.0,0.0
2018-08-14,0,0.0,0.0,0.0,0.0
2018-08-15,0,0.0,0.0,0.0,0.0
2018-08-16,0,0.0,0.0,0.0,0.0
2018-08-17,0,0.0,0.0,0.0,0.0
2018-08-20,0,0.0,0.0,0.0,0.0
2018-08-21,0,0.0,0.0,0.0,0.0
2018-08-22,0,0.0,0.0,0.0,0.0
2018-08-23,1,0.10371501534515033,0.010756804408044768,0.10371501534515033,35118.31289559971
2018-08-24,1,0.10369901040092719,0.010753484758131605,1.6004944223144135e-05,35113.40273700391
2018-08-27,1,0.10376260148115726,0.010766677466137459,6.359108023007431e-05,35132.911010401214
2018-08-28,1,0.10340494663315995,0.010692582988206658,0.0003576548479973102,35023.16152976789
2018-08-29,1,0.10380243247873124,0.010774944988501556,0.00039748584557128264,35145.12909479966
2018-08-30,1,0.10358156693539201,0.010729141008791096,0.00022086554333922148,35077.36788639944
2018-08-31,0,0.0,0.0,0.10358156693539201,0.0
2018-09-03,0,0.0,0.0,0.0,0.0
2018-09-04,0,0.0,0.0,0.0,0.0
2018-09-05,0,0.0,0.0,0.0,0.0
2018-09-06,0,0.0,0.0,0.0,0.0
2018-09-07,0,0.0,0.0,0.0,0.0
2018-09-10,0,0.0,0.0,0.0,0.0
2018-09-11,1,0.14367929900920975,0.020643740963777902,0.14367929900920975,58780.73054844221
2018-09-12,1,0.14402752927305462,0.020743929188500605,0.00034823026384486755,58905.25963874792
2018-09-13,1,0.14375338609312338,0.0206650360132386,0.00027414317993124104,58807.23085434837
2018-09-14,1,0.14498216410014464,0.021019827907161268,0.0012287780070212584,59246.25393659763
2018-09-17,1,0.14554323214969297,0.021182832424579422,0.0005610680495483356,59446.4015297653
2018-09-18,1,0.1472237666182946,0.021674837457278072,0.0016805344686016133,60044.7205985235
2018-09-19,1,0.14754496851567606,0.021769517734291838,0.00032120189738146787,60158.87832016972
2018-09-20,1,0.14644118132439787,0.021445019587685177,0.0011037871912781827,59766.315741167775
2018-09-21,1,0.14520325463925282,0.021083985157831695,0.001237926685145052,59325.14610674824
2018-09-24,1,0.14699581852194415,0.02160777066293634,0.0017925638826913337,59963.66723558041
2018-09-25,1,0.14888801972530044,0.022167642417721452,0.0018922012033562863,60635.51800382296
2018-09-26,1,0.14884062611011298,0.022153531980850447,4.739361518746321e-05,60618.71730326478
2018-09-27,1,0.14858453382338283,0.022077363691511996,0.00025609228673015294,60527.91041613759
2018-09-28,1,0.15022772573472137,0.022568369579426668,0.0016431919113385485,61109.86156744071
2018-10-01,1,0.1492220269017505,0.022267213312666748,0.001005698832970886,60753.88188439266
2018-10-02,1,0.1484409199827251,0.022034706725317797,0.0007811069190253872,60476.96915254184
2018-10-03,1,0.1492377360195748,0.022271901852248293,0.0007968160368496957,60759.447113102644
2018-10-04,1,0.14896914565641167,0.022191806357601197,0.0002685903631631237,60664.27335438074
2018-10-05,1,0.14910088019608336,0.022231072475246805,0.0001317345396716907,60710.95844151572
2018-10-08,1,0.1490699314417795,0.022221844460056837,3.094875430387223e-05,60699.99154880458
2018-10-09,1,0.14955479620344853,0.022366637067455022,0.0004848647616690349,60871.73869259302
2018-10-10,1,0.15115378176463892,0.02284746574175209,0.001598985561190397,61437.10062005979
2018-10-11,1,0.15138775873865606,0.022918253495913535,0.00023397697401714157,61519.69741716004
2018-10-12,1,0.1522031334621686,0.023165793835702705,0.0008153747235125353,61807.27274504174
2018-10-15,1,0.1502012479398923,0.022560414882701003,0.0020018855222762866,61100.49739968268
2018-10-16,1,0.1502889861979352,0.022586779372403158,8.773825804289648e-05,61131.52536167992
2018-10-17,1,0.14955467735927472,0.022366601520036757,0.0007343088386604912,60871.69661376606
2018-10-18,0,0.0,0.0,0.14955467735927472,0.0
2018-10-19,0,0.0,0.0,0.0,0.0
2018-10-22,1,0.10871630965923652,0.011819235985923004,0.10871630965923652,57073.48607930467
2018-10-23,1,0.10932782128779536,0.01195257250753612,0.000611511628558839,57433.92072666127
2018-10-24,1,0.10863272142566797,0.011801068164346782,0.000695099862127388,57024.25626943584
2018-10-25,1,0.1087280200211422,0.011821782337717898,9.529859547421915e-05,57080.38370720292
2018-10-26,1,0.10852419873158418,0.011777501710332379,0.00020382128955800938,56960.354927573186
2018-10-29,1,0.1084114398361999,0.011753040287357991,0.00011275889538428507,56893.97566489596
2018-10-30,1,0.10907207722431543,0.011896718030027028,0.0006606373881155314,57283.120927958385
2018-10-31,1,0.10946418388654107,0.011982407553946478,0.0003921066622256386,57514.36250245871
2018-11-01,0,0.0,0.0,0.10946418388654107,0.0
2018-11-02,0,0.0,0.0,0.0,0.0
2018-11-05,0,0.0,0.0,0.0,0.0
2018-11-06,0,0.0,0.0,0.0,0.0
2018-11-07,0,0.0,0.0,0.0,0.0
2018-11-08,0,0.0,0.0,0.0,0.0
2018-11-09,0,0.0,0.0,0.0,0.0
2018-11-12,0,0.0,0.0,0.0,0.0
2018-11-13,0,0.0,0.0,0.0,0.0
2018-11-14,1,0.1704101937577326,0.029039634136547962,0.1704101937577326,89623.31382824862
2018-11-15,1,0.1728353517238683,0.029872058805513264,0.0024251579661357103,90710.81169048393
2018-11-16,1,0.17196230383523972,0.029571033940323302,0.0008730478886285753,90319.8349705106
2018-11-19,1,0.17177614217432163,0.02950704302029276,0.00018616166091808828,90236.39090138099
2018-11-20,1,0.17017834572291798,0.028960669352988997,0.0015977964514036491,89519.11165191265
2018-11-21,1,0.16963286361294988,0.028775308417529656,0.000545482109968104,89273.78630844
2018-11-22,1,0.17016826722854847,0.028957239171566684,0.0005354036155985897,89514.58101971545
2018-11-23,1,0.1717769186568296,0.02950730978323505,0.0016086514282811215,90236.73900265244
2018-11-26,1,0.17105915188816231,0.029261233444697384,0.0007177667686672773,89914.76330037603
2018-11-27,1,0.17043448541522022,0.029047913818750912,0.0006246664729420981,89634.22912299237
2018-11-28,0,0.0,0.0,0.17043448541522022,0.0
2018-11-29,0,0.0,0.0,0.0,0.0
2018-11-30,0,0.0,0.0,0.0,0.0
2018-12-03,0,0.0,0.0,0.0,0.0
2018-12-04,1,0.10458863638152073,0.010938782860145962,0.10458863638152073,73864.60147662161
2018-12-05,1,0.10461059225302898,0.010943376011529485,2.195587150824463e-05,73881.91919154926
2018-12-06,1,0.10370118856148267,0.010753936509064184,0.0009094036915463094,73165.33635836067
2018-12-07,1,0.10295975467686945,0.01060071108312114,0.0007414338846132157,72582.18385867144
2018-12-10,1,0.10422034853011168,0.010861881047737953,0.0012605938532422312,73574.24062691326
2018-12-11,1,0.1035756539287381,0.010727916086765722,0.0006446946013735771,73066.53303501355
2018-12-12,1,0.10304015640553378,0.010617273832076864,0.000535497523204323,72645.37481354809
2018-12-13,1,0.10413787017819637,0.01084469600525088,0.0010977137726625869,73509.24680694049
2018-12-14,0,0.0,0.0,0.10413787017819637,0.0
2018-12-17,0,0.0,0.0,0.0,0.0
2018-12-18,0,0.0,0.0,0.0,0.0
2018-12-19,0,0.0,0.0,0.0,0.0
2018-12-20,0,0.0,0.0,0.0,0.0
2018-12-21,0,0.0,0.0,0.0,0.0
2018-12-24,0,0.0,0.0,0.0,0.0
2018-12-25,0,0.0,0.0,0.0,0.0
2018-12-26,1,0.10406597099707003,0.010829726319563021,0.10406597099707003,73599.23243046737
2018-12-27,1,0.10389872249290433,0.010794944535657543,0.00016724850416570403,73492.08110300214
2018-12-28,1,0.10389838554792707,0.0107948745194657,3.369449772527844e-07,73491.86519923173
2018-12-31,1,0.1030478227915387,0.010618853782076365,0.0008505627563883678,72946.43084173526
2019-01-01,1,0.10297634874076483,0.01060412839997962,7.147405077387314e-05,72900.55886837184
2019-01-02,1,0.10288571824487122,0.010585471018763027,9.063049589361216e-05,72842.38375849361
2019-01-03,1,0.1031348921000719,0.010636805968493474,0.00024917385520067947,73002.3038044686
2019-01-04,1,0.10284726572684448,0.010577560067488159,0.00028762637322742035,72817.69845508639
2019-01-07,1,0.1032598127834957,0.010662588936082584,0.0004125470566512246,73082.45084673502
2019-01-08,1,0.10404643678237964,0.010825661007109723,0.0007866239988839341,73586.71909290449
2019-01-09,1,0.10424566987699452,0.010867159688103322,0.00019923309461487848,73714.32418465937
2019-01-10,1,0.10458130022310687,0.010937248356355614,0.00033563034611235054,73929.18508832647
2019-01-11,1,0.10471064512002022,0.010964319201450815,0.0001293448969133526,74011.95312284345
2019-01-14,1,0.10480328850585792,0.010983729281642091,9.264338583769849e-05,74071.22388207159
2019-01-15,1,0.1043955066615721,0.010898421811126345,0.00040778184428581776,73810.26152569539
2019-01-16,1,0.10470718924568101,0.010963595479730857,0.0003116825841089077,74009.7419545821
2019-01-17,1,0.10473220984262505,0.010968835778519646,2.5020596944036466e-05,74025.75054299006
2019-01-18,1,0.10629042632187781,0.011297654727686535,0.0015582164792527636,75021.29622053048
2019-01-21,1,0.10750205529112655,0.01155669189181643,0.001211628969248743,75793.47083918804
2019-01-22,1,0.10787363561626671,0.011636721261071086,0.00037158032514016115,76029.94163385703
2019-01-23,1,0.10742311972577495,0.01153972665161818,0.0004505158904917622,75743.21643068938
2019-01-24,1,0.10672676299663461,0.011390601939739816,0.0006963567291403405,75299.56963700107
2019-01-25,1,0.10766996765453293,0.011592821934728168,0.0009432046578983222,75900.34859389499
2019-01-28,1,0.10795380488233366,0.011654023988572968,0.00028383722780073173,76080.93992168998
2019-01-29,1,0.10839505152608805,0.011749487195343284,0.0004412466437543894,76361.49927533233
2019-01-30,1,0.10724035283365077,0.011500493275885908,0.0011546986924372837,75626.83019965692
2019-01-31,1,0.10799902408829569,0.011663789204024272,0.0007586712546449187,76109.70207981665
2019-02-01,1,0.1084219239460483,0.011755313592162682,0.0004228998577526094,76378.57844139618
2019-02-04,1,0.10771988092863627,0.011603572747279576,0.0007020430174120296,75932.1126018649
2019-02-05,1,0.10747805417309361,0.011551532128834445,0.00024182675554265676,75778.19126077248
2019-02-06,1,0.10776202957457,0.011612655018030498,0.00028397540147638567,75958.9330957309
2019-02-07,1,0.10789519878009456,0.011641373919796118,0.00013316920552455813,76043.65939206038
2019-02-08,1,0.10778134315490337,0.011616817932275035,0.00011385562519118653,75971.22224551455
2019-02-11,1,0.10780272615754176,0.011621427766997938,2.1383002638389326e-05,75984.8276601598
2019-02-12,1,0.10771774914033169,0.011603113479859428,8.497701721006667e-05,75930.7560244602
2019-02-13,1,0.10792264271762464,0.011647296811156059,0.00020489357729294722,76061.11752806036
2019-02-14,1,0.10908074609961786,0.011898609169649297,0.0011581033819932224,76797.04377864448
2019-02-15,0,0.0,0.0,0.10908074609961786,0.0
2019-02-18,0,0.0,0.0,0.0,0.0
2019-02-19,0,0.0,0.0,0.0,0.0
2019-02-20,0,0.0,0.0,0.0,0.0
2019-02-21,0,0.0,0.0,0.0,0.0
2019-02-22,1,0.16336711617338182,0.02668881464680723,0.16336711617338182,139245.9684437315
2019-02-25,1,0.16374579061188463,0.026812683943111162,0.0003786744385028129,139631.931432256
2019-02-26,0,0.0,0.0,0.16374579061188463,0.0
2019-02-27,0,0.0,0.0,0.0,0.0
2019-02-28,0,0.0,0.0,0.0,0.0
2019-03-01,0,0.0,0.0,0.0,0.0
2019-03-04,0,0.0,0.0,0.0,0.0
2019-03-05,0,0.0,0.0,0.0,0.0
2019-03-06,0,0.0,0.0,0.0,0.0
2019-03-07,0,0.0,0.0,0.0,0.0
2019-03-08,0,0.0,0.0,0.0,0.0
2019-03-11,1,0.182016253966081,0.0331299167078449,0.182016253966081,155497.1419017824
2019-03-12,1,0.18371738041738717,0.033752075867426956,0.0017011264513061564,156724.8660897288
2019-03-13,1,0.18446604092981972,0.034027720256321926,0.0007486605124325529,157264.06620512233
2019-03-14,1,0.1869461632446324,0.03494886795188874,0.002480122314812677,159045.44038287184
2019-03-15,1,0.18770994263648616,0.035235022564592926,0.0007637793918537639,159592.53470883236
2019-03-18,1,0.18900099095341208,0.035721374581371756,0.001291048316925919,160515.71298162345
2019-03-19,1,0.1887810405341653,0.035638281265162164,0.00021995041924677272,160358.5767278769
2019-03-20,1,0.18905040346446758,0.035740055050077976,0.00026936293030227487,160551.00610796816
2019-03-21,1,0.18829136140742125,0.035453636780660124,0.0007590420570463274,160008.5328636037
2019-03-22,1,0.18980586170226016,0.03602626513653751,0.0015145002948389052,161090.23081104984
2019-03-25,1,0.1883960365795019,0.035493066598865024,0.0014098251227582514,160083.38345505804
2019-03-26,1,0.1896307729742056,0.03595983005879471,0.0012347363947037004,160965.31840285074
2019-03-27,1,0.18955320933085273,0.03593041916762608,7.756364335287369e-05,160909.97092624177
2019-03-28,1,0.1913277474489237,0.036606306943879126,0.0017745381180709618,162174.43323980772
2019-03-29,1,0.1925414348938823,0.037072204150995124,0.0012136874449586166,163037.08956738378
2019-04-01,1,0.19525540128457253,0.03812467173079945,0.0027139663906902145,164959.76492525774
2019-04-02,1,0.19646976950542444,0.038600370329514605,0.0012143682208519135,165817.24420817295
2019-04-03,1,0.1944527264609879,0.03781186282811179,0.002017043044436534,164392.0299525713
2019-04-04,1,0.1945452586171865,0.037847857650427974,9.253215619858812e-05,164457.5172088044
2019-04-05,1,0.19310322112178915,0.037288854007610596,0.0014420374953973414,163435.7978706289
2019-04-08,1,0.19257194010687487,0.0370839521165258,0.0005312810149142866,163058.74922987254
2019-04-09,1,0.19485361404230342,0.03796793090534695,0.002281673935428552,164675.67461976034
2019-04-10,1,0.1959339309577856,0.0383901053005703,0.0010803169154821879,165439.0971529557
2019-04-11,1,0.19514060735331695,0.038079856638221415,0.0007933236044686542,164878.61747114963
2019-04-12,1,0.19391317583121784,0.037602319760948806,0.001227431522099115,164009.97469529812
2019-04-15,1,0.1941440852846059,0.03769192585099632,0.0002309094533880507,164173.52370689515
2019-04-16,1,0.19264407195923847,0.03711173846103625,0.001500013325367422,163109.96071047286
2019-04-17,0,0.0,0.0,0.19264407195923847,0.0
2019-04-18,0,0.0,0.0,0.0,0.0
2019-04-19,0,0.0,0.0,0.0,0.0
2019-04-22,0,0.0,0.0,0.0,0.0
2019-04-23,0,0.0,0.0,0.0,0.0
2019-04-24,0,0.0,0.0,0.0,0.0
2019-04-25,0,0.0,0.0,0.0,0.0
2019-04-26,0,0.0,0.0,0.0,0.0
2019-04-29,1,0.11614320582886918,0.013489244260207072,0.11614320582886918,134518.28648390746
2019-04-30,0,0.0,0.0,0.11614320582886918,0.0
2019-05-01,0,0.0,0.0,0.0,0.0
2019-05-02,0,0.0,0.0,0.0,0.0
2019-05-03,0,0.0,0.0,0.0,0.0
2019-05-06,0,0.0,0.0,0.0,0.0
2019-05-07,0,0.0,0.0,0.0,0.0
2019-05-08,1,0.12711353602415912,0.016157851040565198,0.12711353602415912,181619.2846097874
2019-05-09,1,0.12673797240625034,0.01606251364964747,0.0003755636179087751,181143.0392645791
2019-05-10,1,0.12755234609014346,0.016269600993099737,0.0008143736838931159,182175.32972404687
2019-05-13,1,0.12859413134965528,0.016536450617572394,0.0010417852595118182,183493.71254009314
2019-05-14,1,0.12891346308003435,0.016618680963287377,0.0003193317303790688,183897.34070228305
2019-05-15,1,0.1292350120452758,0.01670168833834258,0.00032154896524144716,184303.5407359737
2019-05-16,1,0.12958901875640802,0.01679331378224867,0.0003540067111322265,184750.47589911826
2019-05-17,1,0.12894961792334292,0.016628003962576122,0.0006394008330651013,183943.025225473
2019-05-20,1,0.1289372194384568,0.01662480655652076,1.2398484886128047e-05,183927.35908231622
2019-05-21,1,0.12892046133977042,0.01662048535205924,1.6758098686370237e-05,183906.1837890492
2019-05-22,1,0.129372572333836,0.01673726247227363,0.0004521109940655854,184477.24454140398
2019-05-23,1,0.13037023034012674,0.0169963969589377,0.0009976580062907303,185735.7687403135
2019-05-24,1,0.12955502106122288,0.016784503482173904,0.0008152092789038556,184707.56580671718
2019-05-27,1,0.1295623303383228,0.01678639744269668,7.3092770999094725e-06,184716.7914075856
2019-05-28,1,0.13098895489548815,0.017158106304612227,0.0014266245571653569,186515.1610268089
2019-05-29,1,0.13044776104996053,0.0170166183629476,0.0005411938455276155,185833.47904711598
2019-05-30,1,0.12983980220192023,0.01685837423583377,0.0006079588480402964,185066.92171603805
2019-05-31,1,0.13013560353251058,0.01693527530677078,0.0002958013305903451,185439.9918836069
2019-06-03,1,0.13100156567542648,0.017161410209413076,0.0008659621429158992,186531.03765241086
2019-06-04,1,0.13113032412581543,0.017195161905341413,0.00012875845038895495,186693.12074549182
2019-06-05,1,0.13243893475809876,0.01754007143985994,0.0013086106322833246,188338.32882141613
2019-06-06,1,0.13333328220862192,0.017777764144524016,0.0008943474505231641,189460.53243830136
2019-06-07,1,0.13422070680614506,0.018015198135541154,0.0008874245975231398,190572.300193495
2019-06-10,1,0.1348502801443102,0.01818459805499894,0.0006295733381651292,191359.97691901133
2019-06-11,1,0.13713132207783021,0.018804999494813606,0.0022810419335200227,194206.5471539054
2019-06-12,1,0.13706413662967923,0.018786577550039374,6.718544815098593e-05,194122.86796532158
2019-06-13,1,0.13532774587157986,0.0183135988026829,0.0017363907580993654,191956.7650929897
2019-06-14,1,0.13694020344206825,0.01875261931875504,0.0016124575704883903,193968.4837622422
2019-06-17,1,0.13663756984539988,0.01866982549325653,0.00030263359666837797,193591.35006859477
2019-06-18,1,0.136862550803535,0.018731357812450194,0.00022498095813511254,193871.73432254142
2019-06-19,1,0.13821703408911587,0.01910394851239182,0.001354483285580882,195557.42713400358
2019-06-20,1,0.13683824118632856,0.018724704250967828,0.001378792902787307,193841.44362241108
2019-06-21,1,0.1357988771955366,0.01844133504756843,0.0010393639907919638,192545.1440330066
2019-06-24,1,0.13444795444450336,0.01807625245431125,0.00135092275103324,190856.71686959194
2019-06-25,0,0.0,0.0,0.13444795444450336,0.0
2019-06-26,0,0.0,0.0,0.0,0.0
2019-06-27,0,0.0,0.0,0.0,0.0
2019-06-28,0,0.0,0.0,0.0,0.0
2019-07-01,0,0.0,0.0,0.0,0.0
2019-07-02,1,0.12235642801117894,0.014971095475654813,0.12235642801117894,218229.06864088264
2019-07-03,1,0.12247740838110258,0.015000715563751375,0.00012098036992364003,218474.95951521365
2019-07-04,1,0.12225932742813321,0.014947343143179486,0.00021808095296936558,218031.76212678835
2019-07-05,1,0.12264147556940377,0.015040931529840663,0.0003821481412705635,218808.5320727967
2019-07-08,1,0.12318176022112942,0.015173746051175822,0.0005402846517256477,219907.89209586455
2019-07-09,1,0.12335786181624467,0.015217162071875715,0.0001761015951152467,220266.5127987391
2019-07-10,1,0.12393875380794082,0.015360814695465366,0.0005808919916961558,221450.4878833488
2019-07-11,0,0.0,0.0,0.12393875380794082,0.0
2019-07-12,0,0.0,0.0,0.0,0.0
2019-07-15,0,0.0,0.0,0.0,0.0
2019-07-16,0,0.0,0.0,0.0,0.0
2019-07-17,0,0.0,0.0,0.0,0.0
2019-07-18,1,0.1371427585833397,0.0188081362318482,0.1371427585833397,245109.18997234156
2019-07-19,1,0.13515608329016343,0.018267166850337593,0.001986675293176282,241981.25278195483
2019-07-22,1,0.1367046443979495,0.018688159799969822,0.0015485611077860617,244420.337225574
2019-07-23,1,0.13521489117169425,0.01828306679457312,0.001489753226255247,242074.0005737743
2019-07-24,0,0.0,0.0,0.13521489117169425,0.0
2019-07-25,1,0.11146994699524282,0.012425549083122243,0.11146994699524282,254368.0288563907
2019-07-26,1,0.15701531427253343,0.02465380891610244,0.04554536727729061,440234.4115343468
2019-07-29,1,0.15238487782907958,0.02322115099098351,0.004630436443453845,424917.71156679234
2019-07-30,1,0.14728299061707603,0.021692279325109705,0.005101887212003553,408234.1453264197
2019-07-31,1,0.13974466698413643,0.01952857195050719,0.007538323632939603,383945.45276348124
2019-08-01,1,0.1373627648186033,0.018868529158610918,0.002381902165533134,376359.1529124888
2019-08-02,1,0.13923803439044222,0.01938723022091397,0.0018752695718389223,382328.3249641065
2019-08-05,1,0.13802931652467978,0.01905209222027024,0.001208717865762432,378477.87896973774
2019-08-06,1,0.13826086064631646,0.01911606558666014,0.00023154412163667315,379214.6407775046
2019-08-07,1,0.1411731753824762,0.019929865447571384,0.0029123147361597435,388515.4031224631
2019-08-08,1,0.14487358016773436,0.020988354230616953,0.0037004047852581545,400424.39413779415
2019-08-09,1,0.14428877836031312,0.020819251560711564,0.0005848018074212369,398535.47740678216
2019-08-12,1,0.14813846095333313,0.021945003613622206,0.003849682593020015,411017.6546294151
2019-08-13,1,0.14805054667900142,0.021918964371951177,8.79142743317185e-05,410731.3435096686
2019-08-14,1,0.14505695348392925,0.021041519754038812,0.0029935931950721695,401017.22429634194
2019-08-15,1,0.14285604742183203,0.020407850284988722,0.0022009060620972187,393918.6322886979
2019-08-16,1,0.13802614353864703,0.019051216300151195,0.004829903883184994,378467.78543620574
2019-08-19,1,0.13505484156932485,0.018239810231315434,0.0029713019693221876,369048.33026032645
2019-08-20,1,0.13366493149173805,0.017866313910691028,0.0013899100775867923,364664.29643710714
2019-08-21,1,0.13565630508449014,0.018402633109176267,0.001991373592752088,370949.82840828696
2019-08-22,1,0.1404174949485173,0.01971707288761688,0.004761189864027154,386096.0087391729
2019-08-23,1,0.13594556074086794,0.018481195485149017,0.004471934207649353,371865.2390253885
2019-08-26,1,0.1367487396362207,0.018700217792094877,0.0008031788953527519,374410.2849315457
2019-08-27,1,0.1333596829928756,0.017784805047960272,0.003389056643345101,363703.3694018997
2019-08-28,1,0.13438787087276657,0.018060099837715383,0.0010281878798909794,366942.8241444036
2019-08-29,1,0.13365933649698908,0.01786481823281536,0.0007285343757774954,364646.67721427267
2019-08-30,1,0.12811194852857352,0.01641267135578787,0.005547387968415557,347288.63365858886
2019-09-02,1,0.13038611602638875,0.01700053925244691,0.002274167497815227,354377.8285579099
2019-09-03,1,0.12834473207042804,0.016472370250229962,0.002041383955960707,348012.5834470017
2019-09-04,1,0.1265269824365355,0.016009077284495365,0.0018177496338925292,342369.69490919204
2019-09-05,1,0.12327611083984524,0.01519699950379781,0.003250871596690269,332336.2714773709
2019-09-06,1,0.12119922470318761,0.014689252068653763,0.0020768861366576297,325965.0738808319
2019-09-09,1,0.12202145309862665,0.014889235016300344,0.0008222283954390369,328483.7933218144
2019-09-10,1,0.12119561965246818,0.014688378222945732,0.0008258334461584693,325954.0409627452
2019-09-11,1,0.12175231881289501,0.014823627136316828,0.0005566991604268323,327658.83925056324
2019-09-12,1,0.12240050935953763,0.014981884691474259,0.000648190546642613,329646.53989057126
2019-09-13,1,0.12566156162656755,0.015790828070427636,0.0032610522670299263,339691.3905530162
2019-09-16,1,0.12439589097460624,0.015474337691366122,0.0012656706519613148,335783.92636566015
2019-09-17,1,0.12011238373822282,0.014426984727278094,0.004283507236383419,322642.9943783119
2019-09-18,1,0.12263767258323012,0.015039998736631553,0.0025252888450073008,330374.54371179733
2019-09-19,1,0.1214283594020707,0.014744846467078451,0.0012093131811594243,326666.5048041881
2019-09-20,1,0.12410609264444462,0.015402322231471472,0.002677733242373928,334890.83016610757
2019-09-23,1,0.124823618091898,0.015580935633552007,0.0007175254474533765,337103.17017173197
2019-09-24,1,0.1241393586908858,0.015410580376184403,0.0006842594010122022,334993.31894817646
2019-09-25,0,0.0,0.0,0.1241393586908858,0.0
2019-09-26,1,0.12260651615969514,0.015032357804817587,0.12260651615969514,331092.4853505363
2019-09-27,1,0.1295505668007692,0.016783349358400566,0.006944050641074062,347693.8188169766
2019-09-30,1,0.12936553281984506,0.01673544108176241,0.00018503398092414858,347254.10044047463
2019-10-01,1,0.12951242281611763,0.016773467663700827,0.0001468899962725756,347603.1844930085
2019-10-02,1,0.13306279480283206,0.01770570736074059,0.003550371986714429,356013.1109404266
2019-10-03,1,0.1294779743954233,0.016764545853541892,0.003584820407408762,347521.32597673964
2019-10-04,1,0.13025959207911436,0.01696756132861727,0.0007816176836910604,349377.4275515766
2019-10-07,1,0.12972394943561133,0.016828303057173043,0.0005356426435030315,348105.717985689
2019-10-08,1,0.1304365655840087,0.017013697641351404,0.000712616148397377,349797.32881762274
2019-10-09,1,0.1269743899700475,0.0161224957082657,0.003462175613961199,341558.75230202515
2019-10-10,0,0.0,0.0,0.1269743899700475,0.0
2019-10-11,0,0.0,0.0,0.0,0.0
2019-10-14,1,0.10062110486498203,0.010124606744249712,0.10062110486498203,338736.60255719686
2019-10-15,1,0.09931944607779435,0.009864352369199898,0.0013016587871876872,333871.41694335535
2019-10-16,1,0.09839921076210968,0.009682404678606081,0.0009202353156846643,330440.3470550837
2019-10-17,1,0.10250386803942826,0.010507042963044524,0.004104657277318582,345798.73983343976
2019-10-18,1,0.10479389676652666,0.010981760799513447,0.002290028727098395,354428.5461391659
2019-10-21,1,0.10228306181797196,0.010461824734859074,0.0025108349485546966,344968.97497375624
2019-10-22,1,0.10280695834579773,0.01056927068431459,0.0005238965278257651,346938.38407983095
2019-10-23,1,0.10159789190285026,0.010322131639103248,0.0012090664429474651,342396.7802602506
2019-10-24,1,0.10067888559497375,0.010136238004645812,0.0009190063078765159,338952.8949673205
2019-10-25,1,0.10082685098873001,0.010166053880303566,0.0001479653937562636,339506.9051822723
2019-10-28,1,0.10196388151220291,0.010396633133034554,0.0011370305234729011,343770.2526298403
2019-10-29,1,0.10091734980528538,0.010184311491722334,0.0010465317069175278,339845.8396146848
2019-10-30,1,0.10307856433535165,0.010625190425437228,0.0021612145300662633,347960.2990955944
2019-10-31,1,0.10019811184544429,0.010039661617392164,0.0028804524899073564,337154.04561312177
2019-11-01,1,0.09994221537817313,0.009988446414697146,0.0002558964672711578,336197.374334935
2019-11-04,0,0.0,0.0,0.09994221537817313,0.0
2019-11-05,0,0.0,0.0,0.0,0.0
2019-11-06,1,0.14757318087408058,0.021777843713294102,0.14757318087408058,499594.355820343
2019-11-07,1,0.1474526592728119,0.021742286726623962,0.00012052160126868605,499238.77346590493
2019-11-08,1,0.1494163119316398,0.022325234271253082,0.0019636526588278913,505022.9696154216
2019-11-11,1,0.14865945996149613,0.02209963503604367,0.0007568519701436627,502795.9052396397
2019-11-12,1,0.14742553303195766,0.021734287789756838,0.0012339269295384703,499158.73093691666
2019-11-13,1,0.14367636696202557,0.020642898423406632,0.003749166069932086,488059.3822169251
2019-11-14,1,0.14495746980488808,0.021012668052235037,0.0012811028428625082,491860.2430482001
2019-11-15,1,0.14098868195881809,0.019877808440484757,0.003968787846069993,480057.6436193192
2019-11-18,1,0.14320215929542235,0.020506858426871517,0.0022134773366042637,486650.3112616925
2019-11-19,1,0.14721490453965452,0.021672228118619595,0.004012745244232174,498537.0918647429
2019-11-20,1,0.14825996952637016,0.02198101856396021,0.001045064986715638,501619.2063540072
2019-11-21,1,0.14654228863313667,0.02147464235783754,0.0017176808932334864,496550.43551269633
2019-11-22,1,0.14795269068387232,0.0218899986805976,0.001410402050735643,500713.5594265122
2019-11-25,1,0.1461450853738174,0.021358385978920376,0.001807605310054916,495376.15026687406
2019-11-26,1,0.1496057305492465,0.022381874613173747,0.0034606451754291,505579.8819818016
2019-11-27,0,0.0,0.0,0.1496057305492465,0.0
2019-11-28,0,0.0,0.0,0.0,0.0
2019-11-29,1,0.19997927338951135,0.03999170978539692,0.19997927338951135,880444.0964725675
2019-12-02,1,0.19359770416259114,0.03748007105702616,0.0063815692269202084,845602.942648689
2019-12-03,1,0.19849872713228153,0.03940174467313596,0.004901022969690388,872311.3999971575
2019-12-04,1,0.20159999048240862,0.04064255616250725,0.003101263350127087,889381.3376679262
2019-12-05,1,0.19824312154905133,0.03930033524151194,0.003356868933357293,870910.3892608687
2019-12-06,1,0.19187481253691638,0.0368159436860768,0.006368309012134948,836290.8862007051
2019-12-09,1,0.18020088663325493,0.03247235954341119,0.011673925903661453,774225.582681317
2019-12-10,1,0.1777634419138557,0.031599841281060755,0.0024374447193992177,761489.1270649126
2019-12-11,1,0.1863256805853769,0.0347172592456039,0.0085622386715212,806566.4354811999
2019-12-12,1,0.1875221063969902,0.03516454038756412,0.0011964258116133053,812940.8697869256
2019-12-13,1,0.1849473874646496,0.03420553612999922,0.002574718932340625,799246.2282859781
2019-12-16,1,0.18625137430294553,0.034689574429735914,0.0013039868382959396,806171.157434415
2019-12-17,1,0.1799659455730515,0.03238774156600254,0.006285428729894016,772994.6405679305
2019-12-18,1,0.1784313874844742,0.03183776003963458,0.0015345580885773036,764971.8465144018
2019-12-19,1,0.1783561881010211,0.031810929833926825,7.519938345310062e-05,764579.468296359
2019-12-20,1,0.1776023622342577,0.03154259907118849,0.0007538258667633968,760650.0919078989
2019-12-23,1,0.1800650640849567,0.03242342730391957,0.002462701850698995,773513.8726661867
2019-12-24,1,0.1808957291600604,0.03272326482834992,0.0008306650751036815,777870.2491787337
2019-12-25,1,0.1829357915527235,0.0334655038310215,0.0020400623926631056,788606.8328105836
2019-12-26,1,0.1799344344019385,0.032376400683545505,0.0030013571507850056,772829.5956644983
2019-12-27,1,0.18282163559020592,0.033423750439878046,0.0028872011882674353,788004.6288711433
2019-12-30,0,0.0,0.0,0.18282163559020592,0.0
2019-12-31,0,0.0,0.0,0.0,0.0
2020-01-01,0,0.0,0.0,0.0,0.0
2020-01-02,0,0.0,0.0,0.0,0.0
2020-01-03,0,0.0,0.0,0.0,0.0
2020-01-06,1,0.11174772800102811,0.012487554713391762,0.11174772800102811,485044.5127748136
2020-01-07,1,0.11001548984633183,0.012103408006128342,0.0017322381546962806,478270.8830152552
2020-01-08,1,0.11417566196775983,0.013036081785776157,0.004160172121427996,494503.09616809536
2020-01-09,1,0.11421219668029406,0.013044425870538173,3.6534712534230795e-05,494645.110855861
2020-01-10,1,0.11465289497388778,0.013145286325893343,0.00044069829359372203,496357.42307902
2020-01-13,1,0.11937297607587452,0.014249907417211312,0.0047200811019867395,514612.5198299502
2020-01-14,1,0.11777552320079093,0.013871073865220043,0.0015974528750835881,508451.56837967533
2020-01-15,1,0.11433970437581926,0.013073567996749743,0.0034358188249716676,495140.6751734853
2020-01-16,1,0.1125443465301093,0.012666229935889324,0.0017953578457099717,488152.4766797267
2020-01-17,1,0.11358995499799447,0.01290267787644641,0.0010456084678851785,492225.1127199598
2020-01-20,0,0.0,0.0,0.11358995499799447,0.0
2020-01-21,0,0.0,0.0,0.0,0.0
2020-01-22,0,0.0,0.0,0.0,0.0
2020-01-23,0,0.0,0.0,0.0,0.0
2020-01-24,1,0.12872536994236453,0.016570220866798605,0.12872536994236453,685302.0765698724
2020-01-27,1,0.12620478709579017,0.015927648285893724,0.0025205828465743596,669944.9764903764
2020-01-28,1,0.12130797999681604,0.014715626010907921,0.004896807098974124,640362.1531376758
2020-01-29,1,0.11880896266992788,0.014115569610704317,0.0024990173268881616,625391.6815521837
2020-01-30,1,0.11914351381916463,0.014195176885177473,0.00033455114923675033,627390.9000697827
2020-01-31,1,0.11836066443707206,0.014009246885985175,0.000782849382092568,622715.1093415403
2020-02-03,1,0.11739006716473546,0.013780427868941103,0.0009705972723366013,616929.4579149534
2020-02-04,1,0.11666884001446792,0.01361161823032151,0.0007212271502675394,612638.5156275885
2020-02-05,1,0.11688385577293015,0.013661835740347135,0.00021501575846222254,613917.0190152639
2020-02-06,1,0.11400294244115168,0.012996670885240542,0.0028809133317784646,596838.387942945
2020-02-07,1,0.11549324271807132,0.013338689113535335,0.00149030027691964,605659.296399894
2020-02-10,1,0.11688638362480148,0.01366242667688426,0.0013931409067301642,613932.0535566055
2020-02-11,1,0.11720472016001905,0.013736946427788376,0.0003183365352175671,615826.0661799875
2020-02-12,1,0.11766617206409347,0.01384532804821685,0.00046145190407441417,618574.001317889
2020-02-13,1,0.11791259029869204,0.013903378950947204,0.0002464182345985749,620042.5936490919
2020-02-14,1,0.11961648286325759,0.014308102972575995,0.0017038925645655456,630219.8719133872
2020-02-17,1,0.11954312833921948,0.014290559533127101,7.335452403810228e-05,629780.9170341897
2020-02-18,1,0.11928479953700696,0.014228863400583937,0.00025832880221252075,628235.6547010875
2020-02-19,1,0.11865295120174123,0.014078522828882785,0.0006318483352657361,624459.9035234853
2020-02-20,1,0.1177920809193459,0.013874974327309731,0.000860870282395329,619324.2847580038
2020-02-21,1,0.11676143595825814,0.013633232927034417,0.0010306449610877622,613189.0232751117
2020-02-24,1,0.11603015121097933,0.013462995990042729,0.000731284747278807,608844.4811973755
2020-02-25,1,0.11597216791604834,0.01344954373114811,5.7983294930993856e-05,608500.3116283091
2020-02-26,1,0.11624663214581149,0.013513279485243614,0.000274464229763155,610129.8391484631
2020-02-27,1,0.11628867070669054,0.013523054934729106,4.203856087904578e-05,610379.5165887186
2020-02-28,1,0.115660782545603,0.013377416619061264,0.0006278881610875392,606652.8035374966
2020-03-02,1,0.11639941500490361,0.01354882381348378,0.0007386324593006144,611037.3681737575
2020-03-03,1,0.1170091891171167,0.013691150337845182,0.0006097741122130934,614662.5498102818
2020-03-04,1,0.11687729724990334,0.013660302612442263,0.00013189186721336565,613878.01223161
2020-03-05,1,0.11633923888508796,0.013534818504361562,0.0005380583648153803,610679.885018096
2020-03-06,1,0.11679104519401945,0.013640148237511494,0.00045180630893149054,613365.0824567662
2020-03-09,1,0.11694625175815425,0.013676425800281595,0.00015520656413479939,614288.1478103449
2020-03-10,1,0.11575516793365169,0.013399258903347904,0.001191083824502559,607212.6724044196
2020-03-11,1,0.11569951411773845,0.013386377567080759,5.565381591324248e-05,606882.5344007643
2020-03-12,1,0.11591416460898554,0.013436093556998997,0.00021465049124709534,608156.0684423852
2020-03-13,1,0.11517860932240638,0.013266112045443519,0.000735555286579162,603794.5446789508
2020-03-16,1,0.11533347911977627,0.01330181140587187,0.00015486979736989426,604712.2526252219
2020-03-17,1,0.11415128141531714,0.013030515048758927,0.0011821977044591397,597715.0584535057
2020-03-18,1,0.11523667712195582,0.013279491754109895,0.001085395706638681,604138.5978874593
2020-03-19,0,0.0,0.0,0.11523667712195582,0.0
2020-03-20,0,0.0,0.0,0.0,0.0
2020-03-23,0,0.0,0.0,0.0,0.0
2020-03-24,1,0.1316193876338742,0.01732366320111604,0.1316193876338742,690824.2600767754
2020-03-25,1,0.1305656612977489,0.017047391910118486,0.001053726336125299,684463.0643219798
2020-03-26,1,0.13029909866830885,0.016977855113773685,0.0002665626294400536,682856.306628365
2020-03-27,1,0.12933021331551942,0.016726304076237757,0.0009688853527894392,677024.4501224699
2020-03-30,1,0.1299751284686797,0.016893534020449793,0.0006449151531602859,680904.8391921087
2020-03-31,1,0.13179269578525837,0.01736931466234566,0.001817567316578672,691871.9753362165
2020-04-01,1,0.13071936589397412,0.017087552619722685,0.0010733298912842526,685389.996362744
2020-04-02,1,0.12995994770869554,0.01688958800844688,0.000759418185278582,680813.4319862875
2020-04-03,1,0.1301730740488639,0.016945029207331007,0.00021312634016837362,682097.011767324
2020-04-06,1,0.13163943164841832,0.017328939964718598,0.0014663575995544076,690945.4125626388
2020-04-07,1,0.1305256110550598,0.01703693514129675,0.0011138205933585166,684221.5908633377
2020-04-08,1,0.13075187977476857,0.017096054064635536,0.0002262687197087665,685586.1168112982
2020-04-09,0,0.0,0.0,0.13075187977476857,0.0
2020-04-10,0,0.0,0.0,0.0,0.0
2020-04-13,0,0.0,0.0,0.0,0.0
2020-04-14,0,0.0,0.0,0.0,0.0
2020-04-15,0,0.0,0.0,0.0,0.0
2020-04-16,0,0.0,0.0,0.0,0.0
2020-04-17,0,0.0,0.0,0.0,0.0
2020-04-20,1,0.13327452742821752,0.017762099661214704,0.13327452742821752,700154.460267189
2020-04-21,1,0.1337515385025185,0.01788947405179069,0.00047701107430098144,703047.3554212695
2020-04-22,1,0.13321712499571745,0.017746802392124606,0.0005344135068010569,699806.5504507842
2020-04-23,1,0.13439882043448056,0.018063042934179752,0.0011816954387631196,706977.9788412787
2020-04-24,1,0.13381580475555893,0.01790666960237787,0.0005830156789216334,703437.3499525865
2020-04-27,1,0.1332265886711711,0.017749323928957415,0.0005892160843878336,699863.9055722858
2020-04-28,1,0.1337272900798948,0.017882988112112332,0.0005007014087237138,702900.2208756926
2020-04-29,1,0.13443591751247463,0.018073015917420884,0.0007086274325798225,707203.4291871298
2020-04-30,0,0.0,0.0,0.13443591751247463,0.0
2020-05-01,0,0.0,0.0,0.0,0.0
2020-05-04,0,0.0,0.0,0.0,0.0
2020-05-05,0,0.0,0.0,0.0,0.0
2020-05-06,0,0.0,0.0,0.0,0.0
2020-05-07,1,0.1525626914490028,0.023275374822163634,0.1525626914490028,802947.2342828308
2020-05-08,1,0.15302489468743039,0.02341661839409916,0.0004622032384275776,805819.343847636
2020-05-11,1,0.15219043076334618,0.023161927215932868,0.0008344639240842056,800636.3003823257
2020-05-12,1,0.1508711791805414,0.02276211270732703,0.0013192515828047702,792462.9150764429
2020-05-13,1,0.15160421330487237,0.022983837491789238,0.0007330341243309557,797001.2689062589
2020-05-14,1,0.1518530240758331,0.023059340920975543,0.0002488107709607279,798543.4870234163
2020-05-15,1,0.15122149461296677,0.022867940432979537,0.0006315294628663204,794630.8066622372
2020-05-18,1,0.1527176476159613,0.02332267989335293,0.0014961530029945214,803909.7755740213
2020-05-19,1,0.1522620601921375,0.023183734973954106,0.0004555874238237889,801080.8065572432
2020-05-20,1,0.1522952183919231,0.02319383354504355,3.315819978558232e-05,801286.5997171609
2020-05-21,1,0.152573162980813,0.023278570061969726,0.00027794458888991125,803012.2692114117
2020-05-22,1,0.15193331067671975,0.023083730893188645,0.0006398523040932469,799041.3251951942
2020-05-25,1,0.1524195937606915,0.02323173256217423,0.00048628308397175024,802058.6668856813
2020-05-26,1,0.15186908664354642,0.02306421947794501,0.000550507117145077,798643.0796543551
2020-05-27,1,0.15144540459387112,0.022935710572601322,0.0004236820496753002,796017.3885886165
2020-05-28,0,0.0,0.0,0.15144540459387112,0.0
2020-05-29,0,0.0,0.0,0.0,0.0
2020-06-01,1,0.1828343203694488,0.03342838870495824,0.1828343203694488,962596.9695521869
2020-06-02,1,0.18476766444018894,0.03413908982268226,0.0019333440707401395,975082.716303786
2020-06-03,1,0.1154288212343536,0.013323812771552363,0.06933884320583533,611476.7529370609
2020-06-04,1,0.11501221697278773,0.0132278100529956,0.00041660426156588104,609497.4613789744
2020-06-05,0,0.0,0.0,0.11501221697278773,0.0
2020-06-08,0,0.0,0.0,0.0,0.0
2020-06-09,0,0.0,0.0,0.0,0.0
2020-06-10,0,0.0,0.0,0.0,0.0
2020-06-11,1,0.1345403388640173,0.018101102781644608,0.1345403388640173,878782.465007007
2020-06-12,1,0.13508112348114878,0.018246909920929366,0.0005407846171314734,882866.3905845424
2020-06-15,1,0.13557211783525897,0.018379799134337342,0.0004909943541101802,886578.7332080097
2020-06-16,1,0.13417714920652085,0.01800350736918896,0.0013949686287381136,876042.5739521544
2020-06-17,1,0.1348283057879895,0.0181786720416596,0.0006511565814686371,880956.5132172144
2020-06-18,0,0.0,0.0,0.1348283057879895,0.0
2020-06-19,0,0.0,0.0,0.0,0.0
2020-06-22,0,0.0,0.0,0.0,0.0
2020-06-23,0,0.0,0.0,0.0,0.0
2020-06-24,0,0.0,0.0,0.0,0.0
2020-06-25,0,0.0,0.0,0.0,0.0
2020-06-26,0,0.0,0.0,0.0,0.0
2020-06-29,0,0.0,0.0,0.0,0.0
2020-06-30,0,0.0,0.0,0.0,0.0
2020-07-01,0,0.0,0.0,0.0,0.0
2020-07-02,1,0.15587777837579786,0.024297881791374355,0.15587777837579786,1020765.5905071364
2020-07-03,1,0.15429601155041303,0.023807259180365192,0.0015817668253848283,1011791.9827544962
2020-07-06,1,0.15513533224723486,0.024066971311459948,0.000839320696821827,1016556.6392777911
2020-07-07,1,0.1555939979096886,0.024209492185520175,0.00045866566245372775,1019157.4683546363
2020-07-08,1,0.15434961292494048,0.023823803010078953,0.0012443849847481037,1012096.4742020653
2020-07-09,1,0.1546027060867788,0.023901996729354915,0.0002530931618383303,1013533.8297432674
2020-07-10,1,0.1563452798389516,0.024443846527920088,0.0017425737521727935,1023413.0983590847
2020-07-13,1,0.15587777078266124,0.02429787942417188,0.0004675090562903661,1020765.5474890472
2020-07-14,0,0.0,0.0,0.15587777078266124,0.0
2020-07-15,0,0.0,0.0,0.0,0.0
2020-07-16,0,0.0,0.0,0.0,0.0
2020-07-17,0,0.0,0.0,0.0,0.0
2020-07-20,0,0.0,0.0,0.0,0.0
2020-07-21,1,0.14829569561307587,0.021991613337366052,0.14829569561307587,1275899.7803863862
2020-07-22,1,0.14667059180077377,0.021512262499189205,0.0016251038123021033,1259514.5552388893
2020-07-23,1,0.14715392724567833,0.02165427830382639,0.00048333544490455904,1264381.2951502015
2020-07-24,1,0.14662989312604532,0.021500325558155474,0.0005240341196330045,1259105.0089563418
2020-07-27,1,0.1440810598825439,0.020759351816877204,0.002548833243501414,1233533.9790751531
2020-07-28,1,0.14485709802364036,0.02098357884783055,0.0007760381410964468,1241303.3989818294
2020-07-29,1,0.1451272221508425,0.02106191060921999,0.0002701241272021482,1244011.095913533
2020-07-30,1,0.1444201203208251,0.0208571711534816,0.0007071018300174037,1236926.7987563382
2020-07-31,1,0.14312329869138232,0.02048427862830264,0.0012968216294427792,1223964.6139994883
2020-08-03,1,0.14394527836299958,0.020720243163001438,0.0008219796716172623,1232176.0303861147
2020-08-04,1,0.14429001112548817,0.0208196073105935,0.00034473276248858653,1235624.538802246
2020-08-05,1,0.14665945141364845,0.02150899468895231,0.002369440288160274,1259402.44686678
2020-08-06,1,0.14708064565391935,0.021632716325973782,0.00042119424027090013,1263643.0627023662
2020-08-07,0,0.0,0.0,0.14708064565391935,0.0
2020-08-10,0,0.0,0.0,0.0,0.0
2020-08-11,0,0.0,0.0,0.0,0.0
2020-08-12,0,0.0,0.0,0.0,0.0
2020-08-13,1,0.1031118728323802,0.010632058319000945,0.1031118728323802,886290.2006122061
2020-08-14,1,0.10263868519520665,0.010534699698600733,0.00047318763717354995,882601.5507166061
2020-08-17,1,0.10224529906813323,0.010454101181532007,0.0003933861270734168,879532.5683645178
2020-08-18,1,0.10181433726515246,0.010366159272742212,0.0004309618029807727,876167.9257878737
2020-08-19,1,0.10252674750541017,0.010511733954038132,0.0007124102402577132,881728.4973099136
2020-08-20,1,0.10389158041987487,0.010793460482139326,0.0013648329144646948,892361.3736619165
2020-08-21,1,0.10347153488875797,0.010706358532235458,0.00042004553111689436,889091.7659847272
2020-08-24,1,0.10308433114890901,0.010626379328417934,0.0003872037398489625,886075.5910643738
2020-08-25,1,0.10337047615390398,0.01068545534028483,0.0002861450049949643,888304.7597102411
2020-08-26,1,0.10314649747342548,0.01063919994103537,0.00022397868047849268,886559.9865828027
2020-08-27,1,0.10401713352339,0.010819564066422743,0.0008706360499645127,893338.1880533998
2020-08-28,1,0.10197076187844857,0.01039803627807126,0.002046371644941425,877389.48192617
2020-08-31,0,0.0,0.0,0.10197076187844857,0.0
2020-09-01,0,0.0,0.0,0.0,0.0
2020-09-02,1,0.17024509587458092,0.02898339266934525,0.17024509587458092,1767601.7265486703
2020-09-03,1,0.16915886092604734,0.028614720229797826,0.0010862349485335765,1754027.4845967337
2020-09-04,1,0.16813239315154802,0.02826850162686671,0.001026467774499329,1741232.7067849585
2020-09-07,1,0.16790749504119562,0.02819292689100913,0.00022489811035239504,1738433.5990276309
2020-09-08,1,0.16915515635118408,0.028613466920193533,0.0012476613099884626,1753981.2507436273
2020-09-09,1,0.16887980513324755,0.028520388581843664,0.00027535121793653694,1750545.9649575402
2020-09-10,1,0.16772548833722847,0.028131839437961766,0.0011543167960190726,1736169.4301585115
2020-09-11,1,0.16766189402843917,0.028110510709203566,6.359430878929984e-05,1735378.548482497
2020-09-14,1,0.16883647259445705,0.02850575447813885,0.001174578566017881,1750005.5548583916
2020-09-15,1,0.1677436477589037,0.028137931363463164,0.001092824835553341,1736395.2894361522
2020-09-16,1,0.166729136050965,0.0277986048083012,0.0010145117079387034,1723792.3054975383
2020-09-17,1,0.16735085690280802,0.028006309306104125,0.0006217208518430051,1731512.1194147633
2020-09-18,1,0.16710404367766257,0.02792376141342616,0.00024681322514544246,1728446.097401519
2020-09-21,1,0.16782622417841003,0.028165641521981942,0.0007221805007474602,1737422.464666823
2020-09-22,1,0.16781097738019984,0.028160524129297943,1.5246798210188928e-05,1737232.7930795597
2020-09-23,1,0.16859634094138315,0.028424726178823106,0.0007853635611833054,1747011.8385984474
2020-09-24,1,0.16743881550567088,0.028035756937942094,0.0011575254357122644,1732605.2190721275
2020-09-25,1,0.16742533884071795,0.02803124408592922,1.3476664952938311e-05,1732437.7237365372
2020-09-28,1,0.16719051897662676,0.027952669635673794,0.00023481986409118472,1729520.1246320836
2020-09-29,1,0.16584051566163371,0.027503076634916575,0.001350003314993048,1712778.4184098875
2020-09-30,1,0.16411743962546754,0.026934533989218985,0.0017230760361661712,1691488.7096326307
2020-10-01,1,0.16487141140151032,0.027182582297526067,0.0007539717760427778,1700793.7038653723
2020-10-02,1,0.16448519726863872,0.027055380120502997,0.00038621413287159845,1696025.2202242694
2020-10-05,1,0.16336434470966116,0.026687909122416996,0.0011208525589775642,1682211.278978575
2020-10-06,1,0.16325920879273292,0.026653569255629162,0.00010513591692823399,1680917.4304663644
2020-10-07,1,0.16449570777359954,0.027058837875937453,0.0012364989808666127,1696154.9322919266
2020-10-08,1,0.16200337416948252,0.026245093242297356,0.0024923336041170197,1665487.6809583907
2020-10-09,1,0.16038449613328146,0.025723186599926576,0.0016188780362010602,1645665.5178169843
2020-10-12,1,0.15939277052869527,0.025406055296813307,0.0009917256045861855,1633560.1611295003
2020-10-13,1,0.16096524187895464,0.025909809093150372,0.001572471350259369,1652767.5930711161
2020-10-14,1,0.16127079519975343,0.026008269384360815,0.0003055533207987904,1656508.2245538
2020-10-15,1,0.1621028367972176,0.026277329697705364,0.0008320415974641671,1666708.0370502477
2020-10-16,1,0.16086774849284777,0.025878432505158123,0.0012350883043698302,1651574.6370777213
2020-10-19,1,0.15966241453390417,0.025492086614796256,0.001205333958943594,1636848.7039011999
2020-10-20,1,0.16014366729849555,0.025645994175811232,0.0004812527645913778,1642723.2468362711
2020-10-21,1,0.16020637932871262,0.02566608397761536,6.271203021707139e-05,1643489.254161627
2020-10-22,1,0.16079788056173944,0.025855958393147423,0.0005915012330268143,1650719.8842765235
2020-10-23,1,0.160595386249475,0.025790878084618066,0.00020249431226443404,1648243.405902892
2020-10-26,1,0.16089557306048477,0.025887385430461794,0.0003001868110097672,1651915.0779022381
2020-10-27,1,0.1610664252936104,0.02594239335686218,0.00017085223312562903,1654005.9944823666
2020-10-28,0,0.0,0.0,0.1610664252936104,0.0
2020-10-29,0,0.0,0.0,0.0,0.0
2020-10-30,0,0.0,0.0,0.0,0.0
2020-11-02,1,0.12213672157931252,0.014917378758142504,0.12213672157931252,1255494.1554557763
2020-11-03,1,0.12299857869291249,0.015128650360476587,0.0008618571135999703,1265596.0634863118
2020-11-04,0,0.0,0.0,0.12299857869291249,0.0
2020-11-05,0,0.0,0.0,0.0,0.0
2020-11-06,1,0.1528466917701174,0.023362111185069274,0.1528466917701174,1574565.5630431292
2020-11-09,1,0.15294930784658495,0.02339349077074941,0.00010261607646755433,1575813.5519048632
2020-11-10,1,0.15391656720260682,0.023690309659434583,0.0009672593560218767,1587591.9726261578
2020-11-11,0,0.0,0.0,0.15391656720260682,0.0
2020-11-12,0,0.0,0.0,0.0,0.0
2020-11-13,0,0.0,0.0,0.0,0.0
2020-11-16,0,0.0,0.0,0.0,0.0
2020-11-17,0,0.0,0.0,0.0,0.0
2020-11-18,0,0.0,0.0,0.0,0.0
2020-11-19,0,0.0,0.0,0.0,0.0
2020-11-20,0,0.0,0.0,0.0,0.0
2020-11-23,1,0.11745623419825862,0.013795966952036179,0.11745623419825862,1214218.2303220925
2020-11-24,1,0.1186558288081853,0.014079205710157376,0.0011995946099266769,1225303.817260136
2020-11-25,1,0.11768243658597789,0.013849155880812708,0.0009733922222074087,1216310.412194656
2020-11-26,1,0.11858594685981315,0.014062626792638429,0.0009035102738352563,1224658.6826293212
2020-11-27,1,0.11926686493885061,0.014224585072342033,0.0006809180790374597,1230941.3354114909
2020-11-30,1,0.11974051133760859,0.01433779005539197,0.0004736463987579792,1235307.0405593908
2020-12-01,1,0.1210892807062122,0.014662613901947853,0.0013487693686036056,1247718.741492125
2020-12-02,1,0.12178148718763146,0.014830730621631245,0.0006922064814192663,1254077.0030882468
2020-12-03,1,0.12259323275447646,0.01502910071719324,0.0008117455668450041,1261523.3014932275
2020-12-04,1,0.12329668299688054,0.01520207203803325,0.0007034502424040773,1267967.4818460408
2020-12-07,1,0.12367491898990608,0.015295485587159832,0.00037823599302554134,1271429.0978453674
2020-12-08,1,0.12170948970088433,0.014813199883249669,0.0019654292890217556,1253416.0359420287
2020-12-09,1,0.12180085709270548,0.014835448788517664,9.136739182115383e-05,1254254.812463287
2020-12-10,1,0.12119456741292788,0.014688123170406719,0.0006062896797776052,1248686.3586391169
2020-12-11,1,0.11981210641380095,0.014354940843311964,0.001382460999126922,1235966.6271311685
2020-12-14,1,0.12163241397138252,0.01479444412850577,0.0018203075575815714,1252708.3543523457
2020-12-15,1,0.12353580091626802,0.015261094108023806,0.0019033869448854962,1270156.1601373611
2020-12-16,1,0.12505533344232883,0.015638836422372047,0.00151953252606081,1284042.9032451771
2020-12-17,1,0.12534295672008858,0.015710856799333997,0.0002876232777597465,1286667.2211919539
2020-12-18,1,0.12687739633264192,0.016097873700150298,0.00153443961255334,1300645.0409499474
2020-12-21,1,0.12689118362004087,0.016101372480494928,1.3787287398953074e-05,1300770.4622733733
2020-12-22,1,0.12712340776168632,0.01616036080094397,0.00023222414164544847,1302882.5167466379
2020-12-23,1,0.1258768407028209,0.01584497902532335,0.0012465670588654165,1291534.9044175104
2020-12-24,1,0.12632783542529777,0.015958722003241117,0.00045099472247686623,1295643.2498860552
2020-12-25,1,0.12639659307501958,0.015976098740972087,6.875764972180676e-05,1296269.3100591886
2020-12-28,1,0.12492253210546446,0.015605639027640799,0.001474060969555116,1282830.7510633045
2020-12-29,1,0.12486498974252996,0.015591265663402113,5.754236293449566e-05,1282305.4408128867
2020-12-30,1,0.12477543730986054,0.015568909755866939,8.955243266942081e-05,1281487.8003728525
2020-12-31,1,0.12681191953114337,0.01608126293517318,0.0020364822212828315,1300049.3643287676
2021-01-01,1,0.12783873533007403,0.01634274225079272,0.001026815798930658,1309382.8808989802
2021-01-04,1,0.12785193785159787,0.016346118012408845,1.3202521523841826e-05,1309502.7780840858
2021-01-05,1,0.12813929401183866,0.01641967866985243,0.0002873561602407815,1312111.6748511957
2021-01-06,1,0.12819043574124733,0.016432787815530862,5.1141729408676895e-05,1312575.8495552943
2021-01-07,1,0.12795590635716578,0.016372713971683776,0.00023452938408155544,1310446.8580635618
2021-01-08,1,0.12671287162284572,0.01605615183490778,0.0012430347343200532,1299148.1422567458
2021-01-11,1,0.12654047797012022,0.01601249256490648,0.00017239365272550544,1297579.180296851
2021-01-12,0,0.0,0.0,0.12654047797012022,0.0
2021-01-13,1,0.12108886061100949,0.014662512164072484,0.12108886061100949,1536668.509745543
2021-01-14,1,0.12152479532220332,0.01476827587810341,0.00043593471119383886,1542966.006349596
2021-01-15,1,0.12185935181489083,0.014849701624745337,0.00033455649268750165,1547803.237508666
2021-01-18,1,0.12033804085682022,0.014481244077257732,0.001521310958070607,1525836.828329966
2021-01-19,1,0.12023418354354362,0.014456258892382536,0.00010385731327659797,1524339.9891015538
2021-01-20,1,0.12107932148291632,0.014660202090763403,0.0008451379393727004,1536530.7777001117
2021-01-21,1,0.1219839941380418,0.014880094825869815,0.0009046726551254769,1549606.3382379566
2021-01-22,0,0.0,0.0,0.1219839941380418,0.0
2021-01-25,0,0.0,0.0,0.0,0.0
2021-01-26,0,0.0,0.0,0.0,0.0
2021-01-27,0,0.0,0.0,0.0,0.0
2021-01-28,0,0.0,0.0,0.0,0.0
2021-01-29,0,0.0,0.0,0.0,0.0
2021-02-01,0,0.0,0.0,0.0,0.0
2021-02-02,1,0.14854593152319537,0.022065893772093847,0.14854593152319537,1888928.9890601693
2021-02-03,1,0.148445864160665,0.022036174586406602,0.00010006736253037607,1887820.9966248318
2021-02-04,1,0.1460922676071423,0.02134295065459688,0.0023535965535226855,1861705.0876172932
2021-02-05,1,0.14561941131786033,0.02120501295256019,0.000472856289281981,1856445.2484884402
2021-02-08,1,0.14622251310136017,0.021381023337677448,0.0006031017834998431,1863153.1171826285
2021-02-09,1,0.14598389801180747,0.021311298478721805,0.00023861508955269617,1860500.0167384993
2021-02-10,1,0.1449948409979292,0.02102350391601477,0.000989057013878275,1849491.1524089763
2021-02-11,1,0.14566640827774857,0.021218702500539737,0.0006715672798193739,1856968.2156992946
2021-02-12,1,0.14482679494607467,0.02097480053435236,0.0008396133316738996,1847618.7972321138
2021-02-15,0,0.0,0.0,0.14482679494607467,0.0
2021-02-16,0,0.0,0.0,0.0,0.0
2021-02-17,0,0.0,0.0,0.0,0.0
2021-02-18,0,0.0,0.0,0.0,0.0
2021-02-19,0,0.0,0.0,0.0,0.0
2021-02-22,0,0.0,0.0,0.0,0.0
2021-02-23,0,0.0,0.0,0.0,0.0
2021-02-24,0,0.0,0.0,0.0,0.0
2021-02-25,0,0.0,0.0,0.0,0.0
2021-02-26,1,0.18306259819307136,0.03351191485719789,0.18306259819307136,3029197.896089069
2021-03-01,1,0.17989243003447086,0.03236128638370699,0.003170168158600495,2965233.3233258436
2021-03-02,1,0.18009158265188713,0.032432978142061496,0.000199152617416265,2969237.070612126
2021-03-03,1,0.18029411247915914,0.03250596699464769,0.00020252982727200775,2973310.708274896
2021-03-04,1,0.18023333073604048,0.032484053508206955,6.078174311865969e-05,2972087.947089614
2021-03-05,1,0.18254529226440738,0.03332278372789791,0.002311961528366907,3018726.3265529014
2021-03-08,1,0.1779540106209702,0.03166762989608837,0.004591281643437195,2926364.837761199
2021-03-09,1,0.1787968926267918,0.031968328812996515,0.0008428820058216102,2943243.4559030402
2021-03-10,1,0.18171328019063024,0.03301971619763849,0.0029163875638384407,3001912.086992656
2021-03-11,1,0.1798570779283388,0.032348568480920534,0.0018562022622914398,2964522.8108062493
2021-03-12,1,0.17933288771604303,0.03216028461657489,0.000524190212295772,2953994.7316653985
2021-03-15,1,0.1781534446981258,0.031738649857808165,0.0011794430179172255,2930355.3561663968
2021-03-16,1,0.17673297407334723,0.031234544124810425,0.0014204706247785692,2901975.0157101206
2021-03-17,1,0.1763092248181552,0.03108494275597879,0.0004237492551920352,2893527.6590929176
2021-03-18,1,0.1789575846501644,0.032025817103820756,0.0026483598320092006,2946465.2289657006
2021-03-19,0,0.0,0.0,0.1789575846501644,0.0
2021-03-22,0,0.0,0.0,0.0,0.0
2021-03-23,0,0.0,0.0,0.0,0.0
2021-03-24,1,0.11349225820705373,0.012880492672936556,0.11349225820705373,1876401.7471548868
2021-03-25,1,0.11631613178827512,0.013529442514187385,0.002823873581221381,1918224.983952599
2021-03-26,1,0.11630060550595435,0.01352583084105162,1.5526282320765805e-05,1917995.6090427737
2021-03-29,1,0.11663513942511394,0.013603755748715769,0.00033453391915959363,1922936.3774877694
2021-03-30,1,0.11733890171775212,0.013768417856328291,0.0007037622926381742,1933320.6619544115
2021-03-31,1,0.12259767547187404,0.015030190031106946,0.005258773754121926,2010503.762651241
2021-04-01,1,0.12415206830003035,0.015413736063175401,0.001554392828156309,2033179.3410875313
2021-04-02,1,0.12311198011975402,0.01515655964900671,0.00104008818027633,2018013.4186568859
2021-04-05,1,0.12487185615443226,0.015592980459453223,0.00175987603467824,2043658.4219664272
2021-04-06,1,0.12440340272729813,0.01547620661013033,0.0004684534271341273,2036839.9350526533
2021-04-07,1,0.12372328202856799,0.015307450515920574,0.0006801206987301495,2026930.4461600047
2021-04-08,1,0.12539055357326115,0.015722790925408875,0.0016672715446931635,2051201.6035680296
2021-04-09,1,0.12558447249631013,0.015771459732176477,0.00019391892304898573,2054019.893212615
2021-04-12,1,0.12620004016788391,0.015926450138375514,0.0006155676715737801,2062959.7171265737
2021-04-13,1,0.12636614015266842,0.01596840137708384,0.00016609998478450683,2065370.2955258964
2021-04-14,1,0.1270856329363685,0.016150758098837387,0.0007194927837000653,2075803.9568409773
2021-04-15,1,0.12796266821566601,0.01637444445687262,0.0008770352792975278,2088504.2052778844
2021-04-16,1,0.12479644755510674,0.015574153322374508,0.0031662206605592713,2042561.2096347243
2021-04-19,1,0.12606675833148642,0.0158928275562094,0.0012703107763796795,2061024.9081916502
2021-04-20,1,0.12454611466633025,0.015511734678478684,0.0015206436651561683,2038917.7538907274
2021-04-21,0,0.0,0.0,0.12454611466633025,0.0
2021-04-22,0,0.0,0.0,0.0,0.0
2021-04-23,0,0.0,0.0,0.0,0.0
2021-04-26,0,0.0,0.0,0.0,0.0
2021-04-27,0,0.0,0.0,0.0,0.0
2021-04-28,1,0.11777005309266772,0.013869785405449774,0.11777005309266772,2373840.247359566
2021-04-29,1,0.117367173097559,0.013775053320912375,0.0004028799951087264,2364639.730077417
2021-04-30,1,0.11674513934160273,0.013629427559890238,0.0006220337559562639,2350450.9108685483
2021-05-03,1,0.11679061618361838,0.013640048028549264,4.547684201565427e-05,2351487.5772190136
2021-05-04,1,0.11723969412850183,0.013745145879344665,0.00044907794488344144,2361730.2587337582
2021-05-05,1,0.11609631877591921,0.01347835523331985,0.001143375352582618,2335672.3534877603
2021-05-06,1,0.117094535814681,0.013711130317655612,0.000998217038761795,2358418.3121230328
2021-05-07,1,0.11727620211733708,0.013753707583066498,0.00018166630265607775,2362563.4000863796
2021-05-10,1,0.11504801234055792,0.013236045143513167,0.0022281897767791603,2311840.2698799935
2021-05-11,1,0.11277669909005487,0.012718583857648784,0.002271313250503046,2260397.6829623934
2021-05-12,1,0.11286199360278773,0.012737829599995698,8.529451273285582e-05,2262324.7436045944
2021-05-13,1,0.11269673345613704,0.012700553731683597,0.000165260146650692,2258591.3542776825
2021-05-14,1,0.11267263249078088,0.012695122112402571,2.4100965356155246e-05,2258047.0059472905
2021-05-17,1,0.11273905569115099,0.012710094678132444,6.64232003701054e-05,2259547.322734932
2021-05-18,1,0.11311036742952899,0.01279395522004305,0.0003713117383779968,2267938.3696505013
2021-05-19,1,0.11435741465793771,0.013077618287247506,0.0012470472284087236,2296171.123770721
2021-05-20,1,0.11311423333130495,0.0127948297821289,0.0012431813266327585,2268025.7697577784
2021-05-21,1,0.11181030363281512,0.01250154399846231,0.0013039296984898308,2238589.7439675364
2021-05-24,1,0.11061234360243867,0.012235090557223955,0.0011979600303764493,2211622.043651026
2021-05-25,1,0.11105255977002786,0.01233267103147561,0.0004402161675891858,2221523.457677127
2021-05-26,1,0.11263587482042339,0.012686840296562089,0.0015833150503955368,2257216.8481546585
2021-05-27,1,0.11221915504702683,0.012593138759468646,0.00041671977339656496,2247810.200331482
2021-05-28,1,0.10936034084606705,0.011959684149967962,0.002858814200959778,2183515.297515001
2021-05-31,1,0.1074804422953372,0.011552045476001308,0.0018798985507298555,2141460.741214608
2021-06-01,1,0.10662047076398798,0.011367924785934415,0.0008599715313492157,2122281.6179802343
2021-06-02,1,0.10607943521352073,0.01125284657521954,0.0005410355504672504,2110234.330023375
2021-06-03,1,0.10571011654328082,0.011174628739594012,0.0003693186702399126,2102019.0488788816
2021-06-04,1,0.10584849925385467,0.011203904794293272,0.0001383827105738561,2105096.4975569653
2021-06-07,1,0.10558936270855385,0.011149113517198541,0.0002591365453008254,2099334.4211511593
2021-06-08,1,0.1068799002108717,0.01142331306908589,0.0012905375023178484,2128063.5345817697
2021-06-09,1,0.10620288888464982,0.011279053607445277,0.0006770113262218741,2112981.9998691776
2021-06-10,1,0.1053188192089108,0.011092053679559238,0.0008840696757390215,2093322.2648965435
2021-06-11,1,0.10595621548111508,0.011226719599080491,0.0006373962722042853,2107492.6235449663
2021-06-14,1,0.1043165989899981,0.010881952824840072,0.0016396164911169908,2071082.061972773
2021-06-15,1,0.10484815457145728,0.010993135517040198,0.0005315555814591894,2082871.5747951455
2021-06-16,1,0.1050576957739448,0.011037119441330739,0.0002095412024875204,2087522.8934813323
2021-06-17,1,0.1049853867891644,0.011021931439270456,7.230898478040315e-05,2085917.5590756845
2021-06-18,1,0.10688521921772866,0.011424450087221911,0.0018998324285642576,2128182.114684868
2021-06-21,1,0.1062694905439558,0.011293204620471913,0.0006157286737728529,2114464.647447188
2021-06-22,0,0.0,0.0,0.1062694905439558,0.0
2021-06-23,0,0.0,0.0,0.0,0.0
2021-06-24,0,0.0,0.0,0.0,0.0
2021-06-25,0,0.0,0.0,0.0,0.0
2021-06-28,0,0.0,0.0,0.0,0.0
2021-06-29,0,0.0,0.0,0.0,0.0
2021-06-30,0,0.0,0.0,0.0,0.0
2021-07-01,0,0.0,0.0,0.0,0.0
2021-07-02,0,0.0,0.0,0.0,0.0
2021-07-05,0,0.0,0.0,0.0,0.0
2021-07-06,1,0.12224089151105019,0.014942835557416344,0.12224089151105019,2438985.8392986925
2021-07-07,1,0.12477116271747922,0.015567843045871676,0.0025302712064290273,2483870.264760736
2021-07-08,1,0.12580782762035217,0.015827609490552248,0.0010366649028729497,2502201.3770472114
2021-07-09,1,0.12829372712981849,0.016459280420860322,0.002485899509466316,2546021.742030061
2021-07-12,1,0.12521333045258348,0.01567837812302787,0.0030803966772350033,2491693.1483311728
2021-07-13,1,0.12481743439823687,0.015579391929758163,0.00039589605434661723,2484689.196912277
2021-07-14,1,0.12350485593921684,0.015253449440566705,0.0013125784590200251,2461432.5478720856
2021-07-15,1,0.12384264896514555,0.015337001702704266,0.0003377930259287065,2467422.8548025573
2021-07-16,1,0.12303038977396234,0.015136476807933098,0.0008122591911832039,2453012.440206
2021-07-19,1,0.12289315153279783,0.015102726693663209,0.00013723824116451677,2450575.616778934
2021-07-20,1,0.12619631155864564,0.01592550905100676,0.0033031600258478094,2509062.158142445
2021-07-21,1,0.1260490783296854,0.015888370147763165,0.00014723322896023627,2506462.5177515894
2021-07-22,1,0.12689897889029988,0.016103350843400775,0.000849900560614486,2521459.5273811896
2021-07-23,1,0.12664368665729378,0.01603862337015081,0.0002552922330061047,2516957.1189528834
2021-07-26,1,0.12691633032467486,0.016107754903081986,0.0002726436673810839,2521765.468312047
2021-07-27,1,0.12706978390618395,0.016146729981964286,0.00015345358150908872,2524470.7557094772
2021-07-28,1,0.1279871562988228,0.016380712177459296,0.0009173723926388377,2540628.084565131
2021-07-29,1,0.13017082627785984,0.016944444013860766,0.002183669979037045,2578982.698520959
2021-07-30,1,0.13326662942538897,0.01775999451840395,0.003095803147529136,2633104.9685697
2021-08-02,1,0.1339809181940374,0.01795088644011734,0.00071428876864843,2645550.5397680444
2021-08-03,1,0.13521400669309788,0.01828282760600112,0.0012330884990604807,2666998.678937999
2021-08-04,1,0.13326355297800388,0.017759174552321247,0.0019504537150940027,2633051.331464703
2021-08-05,1,0.13325531936589777,0.017756980139307408,8.233612106112176e-06,2632907.7790260417
2021-08-06,1,0.13512479329400454,0.018258709762747453,0.0018694739281067685,2665448.4794272697
2021-08-09,1,0.1368847951982484,0.018737447156466407,0.0017600019042438575,2695985.8703920306
2021-08-10,1,0.13743683541208973,0.01888888372808984,0.0005520402138413372,2705544.7243860355
2021-08-11,1,0.1392695288596489,0.01939600166878858,0.0018326934475591805,2737212.3072889876
2021-08-12,1,0.1403674384260002,0.019703017770276957,0.0010979095663512795,2756134.6166589423
2021-08-13,1,0.14285762572583724,0.020408301228023396,0.002490187299837049,2798917.8826476424
2021-08-16,1,0.14358990567172075,0.020618061010813662,0.0007322799458835128,2811463.5438885977
2021-08-17,1,0.14305433871241732,0.020464543824447023,0.0005355669593034296,2802289.6133813574
2021-08-18,1,0.14387952165652923,0.020701316752111662,0.0008251829441119074,2816420.9076686236
2021-08-19,1,0.13837783597791845,0.0191484254899317,0.005501685678610785,2721817.2522512744
2021-08-20,1,0.13926229346436117,0.01939398638095385,0.0008844574864427246,2737087.485352281
2021-08-23,0,0.0,0.0,0.13926229346436117,0.0
2021-08-24,0,0.0,0.0,0.0,0.0
2021-08-25,0,0.0,0.0,0.0,0.0
2021-08-26,0,0.0,0.0,0.0,0.0
2021-08-27,0,0.0,0.0,0.0,0.0
2021-08-30,1,0.10206902860362613,0.01041808660008785,0.10206902860362613,2515673.5931141954
2021-08-31,1,0.10367915346793291,0.010749366863827185,0.0016101248643067834,2559948.3687192546
2021-09-01,1,0.10323316421295502,0.010657086193418937,0.00044598925497789377,2547668.7574038925
2021-09-02,1,0.10584620117881138,0.011203418303985413,0.0026130369658563662,2619788.978544483
2021-09-03,1,0.10593869916985772,0.011223007981801614,9.249799104633916e-05,2622349.662842376
2021-09-06,1,0.10649848307096803,0.011341926896417264,0.0005597839011103056,2637857.851449643
2021-09-07,0,0.0,0.0,0.10649848307096803,0.0
2021-09-08,0,0.0,0.0,0.0,0.0
2021-09-09,0,0.0,0.0,0.0,0.0
2021-09-10,0,0.0,0.0,0.0,0.0
2021-09-13,0,0.0,0.0,0.0,0.0
2021-09-14,0,0.0,0.0,0.0,0.0
2021-09-15,0,0.0,0.0,0.0,0.0
2021-09-16,0,0.0,0.0,0.0,0.0
2021-09-17,0,0.0,0.0,0.0,0.0
2021-09-20,0,0.0,0.0,0.0,0.0
2021-09-21,0,0.0,0.0,0.0,0.0
2021-09-22,0,0.0,0.0,0.0,0.0
2021-09-23,0,0.0,0.0,0.0,0.0
2021-09-24,0,0.0,0.0,0.0,0.0
2021-09-27,0,0.0,0.0,0.0,0.0
2021-09-28,0,0.0,0.0,0.0,0.0
2021-09-29,0,0.0,0.0,0.0,0.0
2021-09-30,0,0.0,0.0,0.0,0.0
2021-10-01,1,0.12377005795770812,0.015319027246854428,0.12377005795770812,3072386.5730678285
2021-10-04,1,0.12445772665314239,0.01548972572366831,0.0006876686954342681,3091883.3309709732
2021-10-05,1,0.12517436746471736,0.01566862227019209,0.0007166408115749645,3112234.1209082683
2021-10-06,1,0.12328475705647188,0.015199131322473292,0.001889610408245479,3058645.748194707
2021-10-07,1,0.12369106085962717,0.015299478536579992,0.000406303803155289,3070148.8096995302
2021-10-08,1,0.12476016957211136,0.015565099911661983,0.0010691087124841958,3100467.881902506
2021-10-11,0,0.0,0.0,0.12476016957211136,0.0
2021-10-12,0,0.0,0.0,0.0,0.0
2021-10-13,0,0.0,0.0,0.0,0.0
2021-10-14,0,0.0,0.0,0.0,0.0
2021-10-15,0,0.0,0.0,0.0,0.0
2021-10-18,0,0.0,0.0,0.0,0.0
2021-10-19,0,0.0,0.0,0.0,0.0
2021-10-20,1,0.15294170700820683,0.023391165742584184,0.15294170700820683,3803430.9443278485
2021-10-21,1,0.1569740720415812,0.024640859293315526,0.004032365033374369,3890104.340894827
2021-10-22,1,0.16005503959323011,0.02561761569919046,0.003080967551648911,3955921.912576095
2021-10-25,1,0.15999622890448892,0.025598793263657615,5.881068874119544e-05,3954668.8347490244
2021-10-26,1,0.160970744493742,0.02591158058286957,0.0009745155892530721,3975416.435861079
2021-10-27,1,0.16289022116627982,0.026533224151599557,0.0019194766725378343,4016180.7177591585
2021-10-28,1,0.16335584920784008,0.026685133470414586,0.00046562804156025095,4026049.0731848897
2021-10-29,1,0.16384493010665255,0.02684516112165386,0.0004890808988124717,4036405.977336834
2021-11-01,1,0.1659356860271133,0.027534651897288726,0.002090755920460763,4080582.40294232
