,gross_leverage,net_leverage,gross_exposure,net_exposure,equity
2018-03-13,0.06853349117273098,-0.06853349117273098,6853.349117273098,-6853.349117273098,100000.0
2018-03-14,0.06887033008870243,-0.06887033008870243,6884.862660730095,-6884.862660730095,99968.486456543
2018-03-15,0.0682882563869642,-0.0682882563869642,6830.393254536558,-6830.393254536558,100022.95586273655
2018-03-16,0.06820674636801975,-0.06820674636801975,6822.760955775131,-6822.760955775131,100030.58816149797
2018-03-19,0.06805957762366378,-0.06805957762366378,6808.977664687877,-6808.977664687877,100044.37145258523
2018-03-20,0.06783946377348049,-0.06783946377348049,6788.355508889496,-6788.355508889496,100064.99360838361
2018-03-21,0.06777785630512176,-0.06777785630512176,6782.582069319512,-6782.582069319512,100070.76704795359
2018-03-22,0.06848884043878961,-0.06848884043878961,6849.170249675096,-6849.170249675096,100004.178867598
2018-03-23,0.06816801932706404,-0.06816801932706404,6819.134289731529,-6819.134289731529,100034.21482754157
2018-03-26,0.06865111424185057,-0.06865111424185057,6864.355802949278,-6864.355802949278,99988.99331432383
2018-03-27,0.06797262423833896,-0.06797262423833896,6800.8321405582665,-6800.8321405582665,100052.51697671483
2018-03-28,0.0,0.0,0.0,0.0,113767.43455593022
2018-03-29,0.0,0.0,0.0,0.0,113767.43455593022
2018-03-30,0.0,0.0,0.0,0.0,113767.43455593022
2018-04-02,0.0,0.0,0.0,0.0,113767.43455593022
2018-04-03,0.07133527833286522,-0.07133527833286522,8115.631609263311,-8115.631609263311,113767.43455593022
2018-04-04,0.07123658462874224,-0.07123658462874224,8105.150143557223,-8105.150143557223,113777.9160216363
2018-04-05,0.0710861075372258,-0.0710861075372258,8089.165462436575,-8089.165462436575,113793.90070275695
2018-04-06,0.07154051549136922,-0.07154051549136922,8137.4220172422765,-8137.4220172422765,113745.64414795124
2018-04-09,0.07151385695456688,-0.07151385695456688,8134.592102891713,-8134.592102891713,113748.47406230182
2018-04-10,0.07099069040554562,-0.07099069040554562,8079.027290643835,-8079.027290643835,113804.03887454969
2018-04-11,0.0,0.0,0.0,0.0,130083.62890251534
2018-04-12,0.0,0.0,0.0,0.0,130083.62890251534
2018-04-13,0.0,0.0,0.0,0.0,130083.62890251534
2018-04-16,0.0,0.0,0.0,0.0,130083.62890251534
2018-04-17,0.0,0.0,0.0,0.0,130083.62890251534
2018-04-18,0.0,0.0,0.0,0.0,130083.62890251534
2018-04-19,0.0,0.0,0.0,0.0,130083.62890251534
2018-04-20,0.0,0.0,0.0,0.0,130083.62890251534
2018-04-23,0.0,0.0,0.0,0.0,130083.62890251534
2018-04-24,0.0,0.0,0.0,0.0,130083.62890251534
2018-04-25,0.0,0.0,0.0,0.0,130083.62890251534
2018-04-26,0.0,0.0,0.0,0.0,130083.62890251534
2018-04-27,0.0,0.0,0.0,0.0,130083.62890251534
2018-04-30,0.0,0.0,0.0,0.0,130083.62890251534
2018-05-01,0.0,0.0,0.0,0.0,130083.62890251534
2018-05-02,0.0,0.0,0.0,0.0,130083.62890251534
2018-05-03,0.0,0.0,0.0,0.0,130083.62890251534
2018-05-04,0.0,0.0,0.0,0.0,130083.62890251534
2018-05-07,0.0,0.0,0.0,0.0,130083.62890251534
2018-05-08,0.05308038637478515,-0.05308038637478515,6904.889283179683,-6904.889283179683,130083.62890251534
2018-05-09,0.05309207525876461,-0.05309207525876461,6906.333157349465,-6906.333157349465,130082.18502834556
2018-05-10,0.05299489567604671,-0.05299489567604671,6894.328035091042,-6894.328035091042,130094.19015060399
2018-05-11,0.053012850292044736,-0.053012850292044736,6896.546233308737,-6896.546233308737,130091.97195238629
2018-05-14,0.0,0.0,0.0,0.0,143965.75510806424
2018-05-15,0.05314029502709104,0.05314029502709104,7650.382700240473,7650.382700240473,143965.75510806424
2018-05-16,0.052782370119625444,0.052782370119625444,7595.982393542448,7595.982393542448,143911.35480136622
2018-05-17,0.052523814723385305,0.052523814723385305,7556.710633531657,7556.710633531657,143872.08304135542
2018-05-18,0.05268322354194713,0.05268322354194713,7580.92056979754,7580.92056979754,143896.2929776213
2018-05-21,0.052452486017171084,0.052452486017171084,7545.880348620087,7545.880348620087,143861.25275644386
2018-05-22,0.05237952412831082,0.05237952412831082,7534.803774187418,7534.803774187418,143850.1761820112
2018-05-23,0.05280780829675297,0.05280780829675297,7599.847335173265,7599.847335173265,143915.21974299703
2018-05-24,0.05274094350477366,0.05274094350477366,7589.688697823968,7589.688697823968,143905.06110564774
2018-05-25,0.05300259658430974,0.05300259658430974,7629.449316240989,7629.449316240989,143944.82172406476
2018-05-28,0.05276209966074499,0.05276209966074499,7592.902756210701,7592.902756210701,143908.27516403448
2018-05-29,0.05274048198150862,0.05274048198150862,7589.618584478688,7589.618584478688,143904.99099230245
2018-05-30,0.05249621248244815,0.05249621248244815,7552.519418728557,7552.519418728557,143867.89182655234
2018-05-31,0.05243485690176665,0.05243485690176665,7543.2038607336945,7543.2038607336945,143858.57626855746
2018-06-01,0.05272587180896432,0.05272587180896432,7587.399082556475,7587.399082556475,143902.77149038026
2018-06-04,0.052250231796221305,0.052250231796221305,7515.179686296256,7515.179686296256,143830.55209412004
2018-06-05,0.05241918177575086,0.05241918177575086,7540.824115103462,7540.824115103462,143856.19652292723
2018-06-06,0.05252988114797879,0.05252988114797879,7557.631812073874,7557.631812073874,143873.00421989764
2018-06-07,0.05239244085590959,0.05239244085590959,7536.764579082702,7536.764579082702,143852.13698690647
2018-06-08,0.05200277590775304,0.05200277590775304,7477.635571025862,7477.635571025862,143793.00797884964
2018-06-11,0.052063583526369535,0.052063583526369535,7486.859512882029,7486.859512882029,143802.2319207058
2018-06-12,0.05194639850829307,0.05194639850829307,7469.084708672069,7469.084708672069,143784.45711649585
2018-06-13,0.05205465634811203,0.05205465634811203,7485.505270080184,7485.505270080184,143800.87767790395
2018-06-14,0.052100621252140475,0.052100621252140475,7492.4783662651425,7492.4783662651425,143807.8507740889
2018-06-15,0.0,0.0,0.0,0.0,143886.25995694342
2018-06-18,0.0,0.0,0.0,0.0,143886.25995694342
2018-06-19,0.0,0.0,0.0,0.0,143886.25995694342
2018-06-20,0.0,0.0,0.0,0.0,143886.25995694342
2018-06-21,0.0,0.0,0.0,0.0,143886.25995694342
2018-06-22,0.04799299762031904,-0.04799299762031904,6905.532931710193,-6905.532931710193,143886.25995694342
2018-06-25,0.04828618558838546,-0.04828618558838546,6945.775492157342,-6945.775492157342,143846.01739649626
2018-06-26,0.0484353041893364,-0.0484353041893364,6966.234662867084,-6966.234662867084,143825.55822578652
2018-06-27,0.04892434524164245,-0.04892434524164245,7033.290597513201,-7033.290597513201,143758.5022911404
2018-06-28,0.048600497199825204,-0.048600497199825204,6988.89245962762,-6988.89245962762,143802.900429026
2018-06-29,0.04844590497110341,-0.04844590497110341,6967.688875571852,-6967.688875571852,143824.10401308176
2018-07-02,0.04820478820866534,-0.04820478820866534,6934.605261844563,-6934.605261844563,143857.18762680906
2018-07-03,0.048127097552434606,-0.048127097552434606,6923.942090043801,-6923.942090043801,143867.8507986098
2018-07-04,0.0,0.0,0.0,0.0,157730.37788728595
2018-07-05,0.0,0.0,0.0,0.0,157730.37788728595
2018-07-06,0.0,0.0,0.0,0.0,157730.37788728595
2018-07-09,0.0,0.0,0.0,0.0,157730.37788728595
2018-07-10,0.0,0.0,0.0,0.0,157730.37788728595
2018-07-11,0.0,0.0,0.0,0.0,157730.37788728595
2018-07-12,0.0,0.0,0.0,0.0,157730.37788728595
2018-07-13,0.0,0.0,0.0,0.0,157730.37788728595
2018-07-16,0.05321599930783985,-0.05321599930783985,8393.779680475127,-8393.779680475127,157730.37788728595
2018-07-17,0.05340053377614485,-0.05340053377614485,8421.410852556119,-8421.410852556119,157702.74671520496
2018-07-18,0.053112373469242406,-0.053112373469242406,8378.259074039732,-8378.259074039732,157745.89849372135
2018-07-19,0.05244603370048287,-0.05244603370048287,8278.384722140196,-8278.384722140196,157845.77284562087
2018-07-20,0.05257902833405604,-0.05257902833405604,8298.328726491018,-8298.328726491018,157825.82884127006
2018-07-23,0.05235386442064366,-0.05235386442064366,8264.559970124055,-8264.559970124055,157859.59759763704
2018-07-24,0.05226072320167554,-0.05226072320167554,8250.58697367758,-8250.58697367758,157873.5705940835
2018-07-25,0.0,0.0,0.0,0.0,174684.7964245196
2018-07-26,0.0,0.0,0.0,0.0,174684.7964245196
2018-07-27,0.0,0.0,0.0,0.0,174684.7964245196
2018-07-30,0.0,0.0,0.0,0.0,174684.7964245196
2018-07-31,0.0,0.0,0.0,0.0,174684.7964245196
2018-08-01,0.0,0.0,0.0,0.0,174684.7964245196
2018-08-02,0.0,0.0,0.0,0.0,174684.7964245196
2018-08-03,0.0,0.0,0.0,0.0,174684.7964245196
2018-08-06,0.0,0.0,0.0,0.0,174684.7964245196
2018-08-07,0.0,0.0,0.0,0.0,174684.7964245196
2018-08-08,0.0,0.0,0.0,0.0,174684.7964245196
2018-08-09,0.0,0.0,0.0,0.0,174684.7964245196
2018-08-10,0.0,0.0,0.0,0.0,174684.7964245196
2018-08-13,0.0,0.0,0.0,0.0,174684.7964245196
2018-08-14,0.0,0.0,0.0,0.0,174684.7964245196
2018-08-15,0.0,0.0,0.0,0.0,174684.7964245196
2018-08-16,0.0,0.0,0.0,0.0,174684.7964245196
2018-08-17,0.0,0.0,0.0,0.0,174684.7964245196
2018-08-20,0.0,0.0,0.0,0.0,174684.7964245196
2018-08-21,0.0,0.0,0.0,0.0,174684.7964245196
2018-08-22,0.0,0.0,0.0,0.0,174684.7964245196
2018-08-23,0.032217656453817446,-0.032217656453817446,5627.93475891021,-5627.93475891021,174684.7964245196
2018-08-24,0.032213006751501294,-0.032213006751501294,5627.147874519857,-5627.147874519857,174685.58330890993
2018-08-27,0.03223148046819204,-0.03223148046819204,5630.274200384811,-5630.274200384811,174682.45698304498
2018-08-28,0.03212755979129231,-0.03212755979129231,5612.686142591007,-5612.686142591007,174700.0450408388
2018-08-29,0.03224305094369388,-0.03224305094369388,5632.232226730715,-5632.232226730715,174680.4989566991
2018-08-30,0.03217888462865329,-0.03217888462865329,5621.37305871786,-5621.37305871786,174691.35812471193
2018-08-31,0.0,0.0,0.0,0.0,185983.94761135575
2018-09-03,0.0,0.0,0.0,0.0,185983.94761135575
2018-09-04,0.0,0.0,0.0,0.0,185983.94761135575
2018-09-05,0.0,0.0,0.0,0.0,185983.94761135575
2018-09-06,0.0,0.0,0.0,0.0,185983.94761135575
2018-09-07,0.0,0.0,0.0,0.0,185983.94761135575
2018-09-10,0.0,0.0,0.0,0.0,185983.94761135575
2018-09-11,0.04236631493367181,-0.04236631493367181,7879.454497110217,-7879.454497110217,185983.94761135575
2018-09-12,0.04245988046247268,-0.04245988046247268,7896.1474046579,-7896.1474046579,185967.25470380805
2018-09-13,0.04238622465867952,-0.04238622465867952,7883.006816936779,-7883.006816936779,185980.3952915292
2018-09-14,0.04271617415576378,-0.04271617415576378,7941.857096058665,-7941.857096058665,185921.5450124073
2018-09-17,0.04286666518429508,-0.04286666518429508,7968.686532140122,-7968.686532140122,185894.71557632583
2018-09-18,0.04331680058940104,-0.04331680058940104,8048.8901606599875,-8048.8901606599875,185814.51194780596
2018-09-19,0.043402729400808145,-0.043402729400808145,8064.192804312296,-8064.192804312296,185799.20930415366
2018-09-20,0.043107298993287226,-0.043107298993287226,8011.570474687371,-8011.570474687371,185851.83163377858
2018-09-21,0.042775488013254745,-0.042775488013254745,7952.432453987701,-7952.432453987701,185910.96965447825
2018-09-24,0.04325579868554043,-0.04325579868554043,8038.025098603273,-8038.025098603273,185825.37700986268
2018-09-25,0.043761658648120864,-0.043761658648120864,8128.085523300666,-8128.085523300666,185735.3165851653
2018-09-26,0.0437490028322662,-0.0437490028322662,8125.833418668201,-8125.833418668201,185737.56868979777
2018-09-27,0.043680604137065766,-0.043680604137065766,8113.660913691367,-8113.660913691367,185749.7411947746
2018-09-28,0.04411910406765356,-0.04411910406765356,8191.67045139956,-8191.67045139956,185671.7316570664
2018-10-01,0.04385082978794775,-0.04385082978794775,8143.951995226899,-8143.951995226899,185719.45011323906
2018-10-02,0.043642237448587,-0.043642237448587,8106.832326077996,-8106.832326077996,185756.56978238796
2018-10-03,0.043855022808446775,-0.043855022808446775,8144.698004437353,-8144.698004437353,185718.7041040286
2018-10-04,0.043783320505953974,-0.043783320505953974,8131.940127933076,-8131.940127933076,185731.46198053288
2018-10-05,0.043818491031261744,-0.043818491031261744,8138.198182508811,-8138.198182508811,185725.20392595715
2018-10-08,0.043810228835669825,-0.043810228835669825,8136.72808965209,-8136.72808965209,185726.67401881388
2018-10-09,0.04393963405721926,-0.04393963405721926,8159.75049498566,-8159.75049498566,185703.6516134803
2018-10-10,0.044365840436838055,-0.044365840436838055,8235.536276147426,-8235.536276147426,185627.86583231852
2018-10-11,0.044428136380752374,-0.044428136380752374,8246.608232863278,-8246.608232863278,185616.79387560269
2018-10-12,0.044645088699451135,-0.044645088699451135,8285.157204429188,-8285.157204429188,185578.24490403678
2018-10-15,0.04411204525466612,-0.04411204525466612,8190.415201029851,-8190.415201029851,185672.9869074361
2018-10-16,0.0441354348406303,-0.0441354348406303,8194.574445265405,-8194.574445265405,185668.82766320056
2018-10-17,0.04393960234842513,-0.04393960234842513,8159.744854392234,-8159.744854392234,185703.65725407374
2018-10-18,0.0,0.0,0.0,0.0,201515.5369907582
2018-10-19,0.0,0.0,0.0,0.0,201515.5369907582
2018-10-22,0.03025868256933471,0.03025868256933471,6097.594666592379,6097.594666592379,201515.5369907582
2018-10-23,0.030443956819498998,0.030443956819498998,6136.102641737315,6136.102641737315,201554.04496590316
2018-10-24,0.030233371469972115,0.030233371469972115,6092.335071520923,6092.335071520923,201510.27739568675
2018-10-25,0.03026222882211104,0.03026222882211104,6098.331592649884,6098.331592649884,201516.27391681573
2018-10-26,0.030200515153160568,0.030200515153160568,6085.508005082605,6085.508005082605,201503.45032924844
2018-10-29,0.03016638239980654,0.03016638239980654,6078.4162035145255,6078.4162035145255,201496.35852768036
2018-10-30,0.030366449801399138,0.030366449801399138,6119.991552132306,6119.991552132306,201537.93387629814
2018-10-31,0.030485296649087276,0.030485296649087276,6144.696848553282,6144.696848553282,201562.63917271912
2018-11-01,0.0,0.0,0.0,0.0,201617.10231435948
2018-11-02,0.0,0.0,0.0,0.0,201617.10231435948
2018-11-05,0.0,0.0,0.0,0.0,201617.10231435948
2018-11-06,0.0,0.0,0.0,0.0,201617.10231435948
2018-11-07,0.0,0.0,0.0,0.0,201617.10231435948
2018-11-08,0.0,0.0,0.0,0.0,201617.10231435948
2018-11-09,0.0,0.0,0.0,0.0,201617.10231435948
2018-11-12,0.0,0.0,0.0,0.0,201617.10231435948
2018-11-13,0.0,0.0,0.0,0.0,201617.10231435948
2018-11-14,0.0488486130008258,-0.0488486130008258,9848.715805302045,-9848.715805302045,201617.10231435948
2018-11-15,0.049470669678401566,-0.049470669678401566,9968.221064888345,-9968.221064888345,201497.59705477318
2018-11-16,0.04924694321998023,-0.04924694321998023,9925.256590165998,-9925.256590165998,201540.56152949552
2018-11-19,0.04919920683017274,-0.04919920683017274,9916.086912239669,-9916.086912239669,201549.73120742186
2018-11-20,0.0487890473115184,-0.0487890473115184,9837.265016693698,-9837.265016693698,201628.55310296782
2018-11-21,0.04864883728570053,-0.04864883728570053,9810.30618774066,-9810.30618774066,201655.51193192086
2018-11-22,0.048786457593657996,-0.048786457593657996,9836.767145023676,-9836.767145023676,201629.05097463785
2018-11-23,0.04919940596170244,-0.04919940596170244,9916.125165126641,-9916.125165126641,201549.6929545349
2018-11-26,0.04901525187185068,-0.04901525187185068,9880.743219821541,-9880.743219821541,201585.07489984
2018-11-27,0.04885485296503044,-0.04885485296503044,9849.91528824092,-9849.91528824092,201615.90283142062
2018-11-28,0.0,0.0,0.0,0.0,221431.6419621669
2018-11-29,0.0,0.0,0.0,0.0,221431.6419621669
2018-11-30,0.0,0.0,0.0,0.0,221431.6419621669
2018-12-03,0.0,0.0,0.0,0.0,221431.6419621669
2018-12-04,0.026643565933787482,0.026643565933787482,5899.728552445817,5899.728552445817,221431.6419621669
2018-12-05,0.026649646104430116,0.026649646104430116,5901.111756513519,5901.111756513519,221433.02516623458
2018-12-06,0.02639799366898317,0.02639799366898317,5843.876705939351,5843.876705939351,221375.79011566043
2018-12-07,0.026193103776654833,0.026193103776654833,5797.299030245324,5797.299030245324,221329.2124399664
2018-12-10,0.026541610249978823,0.026541610249978823,5876.536791287002,5876.536791287002,221408.4502010081
2018-12-11,0.026363285313096736,0.026363285313096736,5835.985066694373,5835.985066694373,221367.89847641546
2018-12-12,0.02621531000455909,0.02621531000455909,5802.346231114065,5802.346231114065,221334.25964083514
2018-12-13,0.026518785758132865,0.026518785758132865,5871.345591608665,5871.345591608665,221403.25900132974
2018-12-14,0.0,0.0,0.0,0.0,221511.27761753363
2018-12-17,0.0,0.0,0.0,0.0,221511.27761753363
2018-12-18,0.0,0.0,0.0,0.0,221511.27761753363
2018-12-19,0.0,0.0,0.0,0.0,221511.27761753363
2018-12-20,0.0,0.0,0.0,0.0,221511.27761753363
2018-12-21,0.0,0.0,0.0,0.0,221511.27761753363
2018-12-24,0.0,0.0,0.0,0.0,221511.27761753363
2018-12-25,0.0,0.0,0.0,0.0,221511.27761753363
2018-12-26,0.02710110338254106,-0.02710110338254106,6003.200035111532,-6003.200035111532,221511.27761753363
2018-12-27,0.027060579849316656,-0.027060579849316656,5994.460122593976,-5994.460122593976,221520.0175300512
2018-12-28,0.027060498199952793,-0.027060498199952793,5994.442512172247,-5994.442512172247,221520.03514047293
2018-12-31,0.02685427010842078,-0.02685427010842078,5949.953575997983,-5949.953575997983,221564.52407664718
2019-01-01,0.026836929744473464,-0.026836929744473464,5946.211979475681,-5946.211979475681,221568.2656731695
2019-01-02,0.026814939433926488,-0.026814939433926488,5941.466864477457,-5941.466864477457,221573.0107881677
2019-01-03,0.02687539180273438,-0.02687539180273438,5954.510913904454,-5954.510913904454,221559.9667387407
2019-01-04,0.026805608623360032,-0.026805608623360032,5939.453381328417,-5939.453381328417,221575.02427131677
2019-01-07,0.026905691361154328,-0.026905691361154328,5961.048193045272,-5961.048193045272,221553.4294595999
2019-01-08,0.027096370801682448,-0.027096370801682448,6002.17937136252,-6002.17937136252,221512.29828128265
2019-01-09,0.027144633465892687,-0.027144633465892687,6012.587617019526,-6012.587617019526,221501.89003562566
2019-01-10,0.027225908181007116,-0.027225908181007116,6030.112976209338,-6030.112976209338,221484.36467643583
2019-01-11,0.027257220000234686,-0.027257220000234686,6036.864039383642,-6036.864039383642,221477.61361326152
2019-01-14,0.02727964378246723,-0.02727964378246723,6041.69852219181,-6041.69852219181,221472.77913045336
2019-01-15,0.027180921773601555,-0.027180921773601555,6020.412848751663,-6020.412848751663,221494.0648038935
2019-01-16,0.027256383472517923,-0.027256383472517923,6036.683683081738,-6036.683683081738,221477.79396956344
2019-01-17,0.027262439861889688,-0.027262439861889688,6037.989440700658,-6037.989440700658,221476.48821194452
2019-01-18,0.027639216322032305,-0.027639216322032305,6119.192187645228,-6119.192187645228,221395.28546499994
2019-01-21,0.02793164564579128,-0.02793164564579128,6182.175435496578,-6182.175435496578,221332.3022171486
2019-01-22,0.028021232507622264,-0.028021232507622264,6201.463428536464,-6201.463428536464,221313.01422410872
2019-01-23,0.027912608795814847,-0.027912608795814847,6178.076380969771,-6178.076380969771,221336.4012716754
2019-01-24,0.027744581735867985,-0.027744581735867985,6141.889856199109,-6141.889856199109,221372.58779644605
2019-01-25,0.02797213430471216,-0.02797213430471216,6190.8930337597885,-6190.8930337597885,221323.5846188854
2019-01-28,0.028040555234705777,-0.028040555234705777,6205.623158376018,-6205.623158376018,221308.85449426915
2019-01-29,0.028146869281413595,-0.028146869281413595,6228.507281837875,-6228.507281837875,221285.9703708073
2019-01-30,0.02786852328709413,-0.02786852328709413,6168.583213675116,-6168.583213675116,221345.89443897005
2019-01-31,0.02805145324115271,-0.02805145324115271,6207.969174536433,-6207.969174536433,221306.50847810874
2019-02-01,0.028153341902775793,-0.028153341902775793,6229.900362267226,-6229.900362267226,221284.57729037796
2019-02-04,0.02798416812597773,-0.02798416812597773,6193.483899010188,-6193.483899010188,221320.99375363498
2019-02-05,0.027925857520932844,-0.027925857520932844,6180.929140356647,-6180.929140356647,221333.54851228851
2019-02-06,0.02799432931213294,-0.02799432931213294,6195.671541250483,-6195.671541250483,221318.8061113947
2019-02-07,0.028026429953796183,-0.028026429953796183,6202.582332141957,-6202.582332141957,221311.89532050322
2019-02-08,0.027998985234545984,-0.027998985234545984,6196.673918883733,-6196.673918883733,221317.80373376145
2019-02-11,0.028004139892161516,-0.028004139892161516,6197.783659066869,-6197.783659066869,221316.69399357832
2019-02-12,0.02798365417972199,-0.02798365417972199,6193.373248324651,-6193.373248324651,221321.10440432053
2019-02-13,0.02803304464720335,-0.02803304464720335,6204.006323659084,-6204.006323659084,221310.47132898608
2019-02-14,0.028311956356156978,-0.028311956356156978,6264.032934636582,-6264.032934636582,221250.4447180086
2019-02-15,0.0,0.0,0.0,0.0,233347.63498103287
2019-02-18,0.0,0.0,0.0,0.0,233347.63498103287
2019-02-19,0.0,0.0,0.0,0.0,233347.63498103287
2019-02-20,0.0,0.0,0.0,0.0,233347.63498103287
2019-02-21,0.0,0.0,0.0,0.0,233347.63498103287
2019-02-22,0.041239244010727635,0.041239244010727635,9623.080058309019,9623.080058309019,233347.63498103287
2019-02-25,0.041348824777447044,0.041348824777447044,9649.753381634831,9649.753381634831,233374.30830435868
2019-02-26,0.0,0.0,0.0,0.0,233482.64273153964
2019-02-27,0.0,0.0,0.0,0.0,233482.64273153964
2019-02-28,0.0,0.0,0.0,0.0,233482.64273153964
2019-03-01,0.0,0.0,0.0,0.0,233482.64273153964
2019-03-04,0.0,0.0,0.0,0.0,233482.64273153964
2019-03-05,0.0,0.0,0.0,0.0,233482.64273153964
2019-03-06,0.0,0.0,0.0,0.0,233482.64273153964
2019-03-07,0.0,0.0,0.0,0.0,233482.64273153964
2019-03-08,0.0,0.0,0.0,0.0,233482.64273153964
2019-03-11,0.047233344471799873,-0.047233344471799873,11028.166092324993,-11028.166092324993,233482.64273153964
2019-03-12,0.047624034703343934,-0.047624034703343934,11115.238729768,-11115.238729768,233395.57009409665
2019-03-13,0.047795712793053134,-0.047795712793053134,11153.479872703712,-11153.479872703712,233357.32895116095
2019-03-14,0.048363291900467106,-0.048363291900467106,11279.818466870343,-11279.818466870343,233230.9903569943
2019-03-15,0.04853772982227147,-0.04853772982227147,11318.619482895912,-11318.619482895912,233192.18934096873
2019-03-18,0.048832211635877386,-0.048832211635877386,11384.093119264075,-11384.093119264075,233126.71570460056
2019-03-19,0.04878207554218182,-0.04878207554218182,11372.948704104745,-11372.948704104745,233137.8601197599
2019-03-20,0.04884347296503661,-0.04884347296503661,11386.596177870082,-11386.596177870082,233124.21264599456
2019-03-21,0.04867040732985186,-0.04867040732985186,11348.122898127924,-11348.122898127924,233162.68592573673
2019-03-22,0.04901555883614059,-0.04901555883614059,11424.839064613463,-11424.839064613463,233085.9697592512
2019-03-25,0.048694283572005524,-0.048694283572005524,11353.431450713335,-11353.431450713335,233157.3773731513
2019-03-26,0.048975689797891686,-0.048975689797891686,11415.980028570973,-11415.980028570973,233094.82879529367
2019-03-27,0.048958025182589425,-0.048958025182589425,11412.054675619984,-11412.054675619984,233098.75414824465
2019-03-28,0.049361737546090405,-0.049361737546090405,11501.732853887073,-11501.732853887073,233009.07596997757
2019-03-29,0.04963734130367679,-0.04963734130367679,11562.91415371516,-11562.91415371516,232947.8946701495
2019-04-01,0.05025212398716187,-0.05025212398716187,11699.27410817431,-11699.27410817431,232811.53471569033
2019-04-02,0.05052653848847538,-0.05052653848847538,11760.088241714393,-11760.088241714393,232750.72058215024
2019-04-03,0.05007051367502245,-0.05007051367502245,11659.009216494418,-11659.009216494418,232851.79960737022
2019-04-04,0.0500914589086793,-0.0500914589086793,11663.653702752084,-11663.653702752084,232847.15512111256
2019-04-05,0.04976477062548397,-0.04976477062548397,11591.191338342476,-11591.191338342476,232919.61748552218
2019-04-08,0.04964426305382992,-0.04964426305382992,11564.45029999096,-11564.45029999096,232946.35852387367
2019-04-09,0.05016123970270775,-0.05016123970270775,11679.125859557469,-11679.125859557469,232831.68296430717
2019-04-10,0.050405504438744274,-0.050405504438744274,11733.269301628066,-11733.269301628066,232777.5395222366
2019-04-11,0.050226162227487735,-0.050226162227487735,11693.51896958508,-11693.51896958508,232817.28985427957
2019-04-12,0.04994833500369107,-0.04994833500369107,11631.913098957313,-11631.913098957313,232878.89572490734
2019-04-15,0.05000063338402959,-0.05000063338402959,11643.512319637954,-11643.512319637954,232867.2965042267
2019-04-16,0.049660629003131354,-0.049660629003131354,11568.082319891693,-11568.082319891693,232942.72650397295
2019-04-17,0.0,0.0,0.0,0.0,255036.32689698803
2019-04-18,0.0,0.0,0.0,0.0,255036.32689698803
2019-04-19,0.0,0.0,0.0,0.0,255036.32689698803
2019-04-22,0.0,0.0,0.0,0.0,255036.32689698803
2019-04-23,0.0,0.0,0.0,0.0,255036.32689698803
2019-04-24,0.0,0.0,0.0,0.0,255036.32689698803
2019-04-25,0.0,0.0,0.0,0.0,255036.32689698803
2019-04-26,0.0,0.0,0.0,0.0,255036.32689698803
2019-04-29,0.029400643965941414,-0.029400643965941414,7498.232245479792,-7498.232245479792,255036.326896988
2019-04-30,0.0,0.0,0.0,0.0,270119.11588205775
2019-05-01,0.0,0.0,0.0,0.0,270119.11588205775
2019-05-02,0.0,0.0,0.0,0.0,270119.11588205775
2019-05-03,0.0,0.0,0.0,0.0,270119.11588205775
2019-05-06,0.0,0.0,0.0,0.0,270119.11588205775
2019-05-07,0.0,0.0,0.0,0.0,270119.11588205775
2019-05-08,0.0303826203704045,-0.0303826203704045,8206.926552633862,-8206.926552633862,270119.11588205775
2019-05-09,0.030300536479139585,-0.030300536479139585,8185.406202647045,-8185.406202647045,270140.6362320446
2019-05-10,0.030478474807261877,-0.030478474807261877,8232.052856938404,-8232.052856938404,270093.98957775324
2019-05-13,0.03070581693847936,-0.03070581693847936,8291.627317672532,-8291.627317672532,270034.4151170191
2019-05-14,0.03077543869737295,-0.03077543869737295,8309.866276650839,-8309.866276650839,270016.17615804076
2019-05-15,0.030845513574287636,-0.030845513574287636,8328.221452145219,-8328.221452145219,269997.82098254643
2019-05-16,0.030922626809368286,-0.030922626809368286,8348.417347452249,-8348.417347452249,269977.6250872394
2019-05-17,0.030783319406203907,-0.030783319406203907,8311.930647332716,-8311.930647332716,270014.1117873589
2019-05-20,0.03078061693884031,-0.03078061693884031,8311.222733046374,-8311.222733046374,270014.81970164523
2019-05-21,0.030776964145324125,-0.030776964145324125,8310.26587388383,-8310.26587388383,270015.7765608078
2019-05-22,0.030875482686005856,-0.030875482686005856,8336.070697758878,-8336.070697758878,269989.97173693276
2019-05-23,0.031092667883370687,-0.031092667883370687,8392.9402955406,-8392.9402955406,269933.102139151
2019-05-24,0.030915222693343118,-0.030915222693343118,8346.478346439999,-8346.478346439999,269979.5640882516
2019-05-27,0.030916814557408145,-0.030916814557408145,8346.895228539792,-8346.895228539792,269979.14720615186
2019-05-28,0.031227214539692436,-0.031227214539692436,8428.15910649837,-8428.15910649837,269897.8833281933
2019-05-29,0.03110953370953132,-0.03110953370953132,8397.355582788794,-8397.355582788794,269928.6868519028
2019-05-30,0.03097723266886542,-0.03097723266886542,8362.71675174144,-8362.71675174144,269963.3256829502
2019-05-31,0.03104161705128217,-0.03104161705128217,8379.574870474782,-8379.574870474782,269946.4675642168
2019-06-03,0.03122995568987941,-0.03122995568987941,8428.876531966149,-8428.876531966149,269897.1659027255
2019-06-04,0.031257940688083824,-0.031257940688083824,8436.200666312328,-8436.200666312328,269889.8417683793
2019-06-05,0.0315420855657737,-0.0315420855657737,8510.543552707462,-8510.543552707462,269815.49888198415
2019-06-06,0.03173599187413637,-0.03173599187413637,8561.253160338967,-8561.253160338967,269764.78927435266
2019-06-07,0.03192816686257354,-0.03192816686257354,8611.491197175554,-8611.491197175554,269714.55123751605
2019-06-10,0.03206436432132492,-0.03206436432132492,8647.08436145555,-8647.08436145555,269678.95807323605
2019-06-11,0.03255686565067961,-0.03255686565067961,8775.713834338247,-8775.713834338247,269550.3286003534
2019-06-12,0.03254238113203053,-0.03254238113203053,8771.932578640832,-8771.932578640832,269554.1098560508
2019-06-13,0.03216757911447796,-0.03216757911447796,8674.051743921811,-8674.051743921811,269651.9906907698
2019-06-14,0.03251565893662938,-0.03251565893662938,8764.95633810403,-8764.95633810403,269561.0860965876
2019-06-17,0.03245038708775533,-0.03245038708775533,8747.91459867125,-8747.91459867125,269578.1278360204
2019-06-18,0.032498913385314875,-0.032498913385314875,8760.584470065134,-8760.584470065134,269565.4579646265
2019-06-19,0.03279075358977363,-0.03279075358977363,8836.756761590763,-8836.756761590763,269489.28567310085
2019-06-20,0.03249367073302654,-0.03249367073302654,8759.215708197518,-8759.215708197518,269566.8267264941
2019-06-21,0.0322693597390165,-0.0322693597390165,8700.639133890945,-8700.639133890945,269625.4033008007
2019-06-24,0.031977341303040224,-0.031977341303040224,8624.343283759239,-8624.343283759239,269701.69915093237
2019-06-25,0.0,0.0,0.0,0.0,286149.6785085586
2019-06-26,0.0,0.0,0.0,0.0,286149.6785085586
2019-06-27,0.0,0.0,0.0,0.0,286149.6785085586
2019-06-28,0.0,0.0,0.0,0.0,286149.6785085586
2019-07-01,0.0,0.0,0.0,0.0,286149.6785085586
2019-07-02,0.02858469164286172,0.02858469164286172,8179.500323871163,8179.500323871163,286149.6785085586
2019-07-03,0.028615977948186478,0.028615977948186478,8188.716623508757,8188.716623508757,286158.89480819623
2019-07-04,0.028559585586267082,0.028559585586267082,8172.105027240943,8172.105027240943,286142.2832119284
2019-07-05,0.02865841734676924,0.02865841734676924,8201.219343058347,8201.219343058347,286171.3975277458
2019-07-08,0.028798259255403646,0.028798259255403646,8242.424741224308,8242.424741224308,286212.6029259118
2019-07-09,0.02884386818034011,0.02884386818034011,8255.866296804314,8255.866296804314,286226.0444814918
2019-07-10,0.02899441421381607,0.02899441421381607,8300.24317403856,8300.24317403856,286270.421358726
2019-07-11,0.0,0.0,0.0,0.0,286288.49626588426
2019-07-12,0.0,0.0,0.0,0.0,286288.49626588426
2019-07-15,0.0,0.0,0.0,0.0,286288.49626588426
2019-07-16,0.0,0.0,0.0,0.0,286288.49626588426
2019-07-17,0.0,0.0,0.0,0.0,286288.49626588426
2019-07-18,0.03298002717669585,-0.03298002717669585,9441.80238722425,-9441.80238722425,286288.49626588426
2019-07-19,0.032545458300467046,-0.032545458300467046,9321.3117404451,-9321.3117404451,286408.98691266344
2019-07-22,0.0328842924543881,-0.0328842924543881,9415.267227487442,-9415.267227487442,286315.03142562107
2019-07-23,0.03255833862624343,-0.03255833862624343,9324.884459698547,-9324.884459698547,286405.41419340996
2019-07-24,0.0,0.0,0.0,0.0,305344.23119680653
2019-07-25,0.02511466176836725,-0.02511466176836725,7668.6170894299285,-7668.6170894299285,305344.23119680653
2019-07-26,0.03920851851922339,0.03920851851922339,12588.916543733108,12588.916543733108,321076.05742769747
2019-07-29,0.03789606587586148,0.03789606587586148,12150.921120011219,12150.921120011219,320638.0620039756
2019-07-30,0.036462403632518264,0.036462403632518264,11673.83887121589,11673.83887121589,320160.97975518025
2019-07-31,0.03436755834977181,0.03436755834977181,10979.280891149021,10979.280891149021,319466.4217751134
2019-08-01,0.03371138888632198,0.03371138888632198,10762.343520517266,10762.343520517266,319249.48440448166
2019-08-02,0.0342277612342283,0.0342277612342283,10933.037602633873,10933.037602633873,319420.17848659825
2019-08-05,0.03389473572221896,0.03389473572221896,10822.930482405998,10822.930482405998,319310.07136637036
2019-08-06,0.03395847610247401,0.03395847610247401,10843.9988783959,10843.9988783959,319331.13976236025
2019-08-07,0.03476240173181311,0.03476240173181311,11109.962914568576,11109.962914568576,319597.103798533
2019-08-08,0.03578982219570408,0.03578982219570408,11450.511699679559,11450.511699679559,319937.6525836439
2019-08-09,0.0356270062759367,0.0356270062759367,11396.496351352078,11396.496351352078,319883.63723531645
2019-08-12,0.03670189471698749,0.03670189471698749,11753.435934498571,11753.435934498571,320240.5768184629
2019-08-13,0.03667726621294035,0.03667726621294035,11745.248599075454,11745.248599075454,320232.38948303985
2019-08-14,0.0358409100900169,0.0358409100900169,11467.464234954015,11467.464234954015,319954.6051189184
2019-08-15,0.03522882396073938,0.03522882396073938,11264.473328244148,11264.473328244148,319751.61421220854
2019-08-16,0.033893862429534447,0.033893862429534447,10822.64184833302,10822.64184833302,319309.7827322974
2019-08-19,0.033078202217207614,0.033078202217207614,10553.283679162894,10553.283679162894,319040.4245631273
2019-08-20,0.03269810508949512,0.03269810508949512,10427.918113729116,10427.918113729116,318915.0589976935
2019-08-21,0.033242969848674725,0.033242969848674725,10607.658804926708,10607.658804926708,319094.7996888911
2019-08-22,0.03455340646277274,0.03455340646277274,11040.778059455903,11040.778059455903,319527.9189434203
2019-08-23,0.03332227151247874,0.03332227151247874,10633.835831438046,10633.835831438046,319120.97671540244
2019-08-26,0.03354267949305726,0.03354267949305726,10706.613809881204,10706.613809881204,319193.7546938456
2019-08-27,0.032614752477600505,0.032614752477600505,10400.439502484978,10400.439502484978,318887.58038644935
2019-08-28,0.03289569145513118,0.03289569145513118,10493.074753914887,10493.074753914887,318980.2156378793
2019-08-29,0.03269657689435687,0.03269657689435687,10427.414275501078,10427.414275501078,318914.55515946547
2019-08-30,0.03118868570784537,0.03118868570784537,9931.044714286212,9931.044714286212,318418.1855982506
2019-09-02,0.031805090796703635,0.031805090796703635,10133.76690185616,10133.76690185616,318620.90778582054
2019-09-03,0.03125166908114725,0.03125166908114725,9951.746738547376,9951.746738547376,318438.8876225118
2019-09-04,0.030760522827083955,0.030760522827083955,9790.383040011211,9790.383040011211,318277.5239239756
2019-09-05,0.029886001693571352,0.029886001693571352,9503.467871815008,9503.467871815008,317990.6087557794
2019-09-06,0.029329863378801654,0.029329863378801654,9321.277491587987,9321.277491587987,317808.41837555234
2019-09-09,0.02954979720015399,0.02954979720015399,9393.302640029007,9393.302640029007,317880.44352399337
2019-09-10,0.029328899768433822,0.029328899768433822,9320.961994931233,9320.961994931233,317808.1028788956
2019-09-11,0.029477773436256155,0.029477773436256155,9369.712303419023,9369.712303419023,317856.8531873834
2019-09-12,0.029651294258380985,0.029651294258380985,9426.552470419538,9426.552470419538,317913.6933543839
2019-09-13,0.030527234000758526,0.030527234000758526,9713.794411009902,9713.794411009902,318200.93529497425
2019-09-16,0.030186679937090892,0.030186679937090892,9602.056801991997,9602.056801991997,318089.1976859564
2019-09-17,0.029039627901650527,0.029039627901650527,9226.279507529653,9226.279507529653,317713.420391494
2019-09-18,0.029714831474898635,0.029714831474898635,9447.370423557259,9447.370423557259,317934.5113075216
2019-09-19,0.02939112212988993,0.02939112212988993,9341.335567749158,9341.335567749158,317828.47645171353
2019-09-20,0.030108808766495406,0.030108808766495406,9576.517877212113,9576.517877212113,318063.65876117646
2019-09-23,0.030301685050804727,0.030301685050804727,9639.781817893394,9639.781817893394,318126.92270185775
2019-09-24,0.030117745641067502,0.030117745641067502,9579.448640210938,9579.448640210938,318066.58952417533
2019-09-25,0.0,0.0,0.0,0.0,318121.5351755807
2019-09-26,0.020146604111556738,-0.020146604111556738,6409.068628543096,-6409.068628543096,318121.5351755807
2019-09-27,0.021178170122280827,-0.021178170122280827,6730.426225648018,-6730.426225648018,317800.1775784758
2019-09-30,0.021150820208035076,-0.021150820208035076,6721.914449099392,-6721.914449099392,317808.6893550244
2019-10-01,0.021172532664699678,-0.021172532664699678,6728.671786546815,-6728.671786546815,317801.932017577
2019-10-02,0.02169589553821093,-0.02169589553821093,6891.465562145307,-6891.465562145307,317639.13824197854
2019-10-03,0.02116744111610701,-0.02116744111610701,6727.0872237076965,-6727.0872237076965,317803.5165804161
2019-10-04,0.021282901952725083,-0.021282901952725083,6763.01640634101,-6763.01640634101,317767.58739778283
2019-10-07,0.021203791046768415,-0.021203791046768415,6738.39949643223,-6738.39949643223,317792.2043076916
2019-10-08,0.021309025993662765,-0.021309025993662765,6771.1445764154605,-6771.1445764154605,317759.45922770834
2019-10-09,0.020796709248216555,-0.020796709248216555,6611.667679094564,-6611.667679094564,317918.9361250292
2019-10-10,0.0,0.0,0.0,0.0,331013.6972398373
2019-10-11,0.0,0.0,0.0,0.0,331013.6972398373
2019-10-14,0.014415144031010406,0.014415144031010406,4771.610121949527,4771.610121949527,331013.6972398373
2019-10-15,0.014211045339536722,0.014211045339536722,4703.0767283188525,4703.0767283188525,330945.1638462067
2019-10-16,0.014067058192530842,0.014067058192530842,4654.744993028366,4654.744993028366,330896.83211091615
2019-10-17,0.014711256390744571,0.014711256390744571,4871.090855521055,4871.090855521055,331113.17797340883
2019-10-18,0.015072858963378826,0.015072858963378826,4992.654544853724,4992.654544853724,331234.7416627415
2019-10-21,0.014676473934360466,0.014676473934360466,4859.402380247306,4859.402380247306,331101.4894981351
2019-10-22,0.014759024508201284,0.014759024508201284,4887.144444003817,4887.144444003817,331129.2315618916
2019-10-23,0.014568635912819743,0.014568635912819743,4823.1691824235895,4823.1691824235895,331065.2563003114
2019-10-24,0.014424215720216007,0.014424215720216007,4774.656923050014,4774.656923050014,331016.7440409378
2019-10-25,0.014447451134439628,0.014447451134439628,4782.460982987354,4782.460982987354,331024.54810087517
2019-10-28,0.01462622101559313,0.01462622101559313,4842.516588672212,4842.516588672212,331084.60370656004
2019-10-29,0.014461665642537399,0.014461665642537399,4787.235379837791,4787.235379837791,331029.3224977256
2019-10-30,0.014801854073746937,0.014801854073746937,4901.539640732418,4901.539640732418,331143.6267586202
2019-10-31,0.014348763690542832,0.014348763690542832,4749.31744771266,4749.31744771266,330991.40456560045
2019-11-01,0.014308631783567585,0.014308631783567585,4735.841306309831,4735.841306309831,330977.92842419766
2019-11-04,0.0,0.0,0.0,0.0,331280.5509087805
2019-11-05,0.0,0.0,0.0,0.0,331280.5509087805
2019-11-06,0.023108646766896515,-0.023108646766896515,7655.445231693886,-7655.445231693886,331280.5509087805
2019-11-07,0.023091819568925257,-0.023091819568925257,7649.996528745095,-7649.996528745095,331285.9996117293
2019-11-08,0.023365613413334412,-0.023365613413334412,7738.629629411915,-7738.629629411915,331197.3665110625
2019-11-11,0.023260178389648598,-0.023260178389648598,7704.503604652768,-7704.503604652768,331231.4925358216
2019-11-12,0.02308803179845348,-0.02308803179845348,7648.770011292011,-7648.770011292011,331287.2261291824
2019-11-13,0.02256306016619668,-0.02256306016619668,7478.691115797197,-7478.691115797197,331457.3050246772
2019-11-14,0.022742770777790893,-0.022742770777790893,7536.932930557769,-7536.932930557769,331399.06320991664
2019-11-15,0.022184931876832025,-0.022184931876832025,7356.077897936242,-7356.077897936242,331579.9182425382
2019-11-18,0.022496453145416973,-0.022496453145416973,7457.099467693724,-7457.099467693724,331478.8966727807
2019-11-19,0.02305861556519513,-0.02305861556519513,7639.244435561492,-7639.244435561492,331296.7517049129
2019-11-20,0.02320447917345005,-0.02320447917345005,7686.472668617946,-7686.472668617946,331249.52347185643
2019-11-21,0.02296461745647793,-0.02296461745647793,7608.802260384559,-7608.802260384559,331327.19388008985
2019-11-22,0.023161614371159978,-0.023161614371159978,7672.5951490424795,-7672.5951490424795,331263.4009914319
2019-11-25,0.02290906458915678,-0.02290906458915678,7590.808309329973,-7590.808309329973,331345.18783114443
2019-11-26,0.023391982490284315,-0.023391982490284315,7747.16337698133,-7747.16337698133,331188.83276349306
2019-11-27,0.0,0.0,0.0,0.0,346868.5987882834
2019-11-28,0.0,0.0,0.0,0.0,346868.5987882834
2019-11-29,0.02703444515963366,0.02703444515963366,9377.40011154082,9377.40011154082,346868.5987882834
2019-12-02,0.0259924384092312,0.0259924384092312,9006.315290751827,9006.315290751827,346497.5139674944
2019-12-03,0.02679141723992297,0.02679141723992297,9290.780700789834,9290.780700789834,346781.97937753244
2019-12-04,0.02730137520210123,0.02730137520210123,9472.588536243755,9472.588536243755,346963.7872129864
2019-12-05,0.02674953882636171,0.02674953882636171,9275.858869537424,9275.858869537424,346767.05754628003
2019-12-06,0.02571356134662386,0.02571356134662386,8907.134798175579,8907.134798175579,346398.3334749182
2019-12-09,0.023850745268979213,0.023850745268979213,8246.092051137683,8246.092051137683,345737.2907278803
2019-12-10,0.023467594516681015,0.023467594516681015,8110.439099636943,8110.439099636943,345601.63777637953
2019-12-11,0.02482230535181347,0.02482230535181347,8590.54676196826,8590.54676196826,346081.7454387109
2019-12-12,0.025013573295095508,0.025013573295095508,8658.439341643685,8658.439341643685,346149.6380183863
2019-12-13,0.024602566449451718,0.024602566449451718,8512.580980785793,8512.580980785793,346003.7796575284
2019-12-16,0.024810442374344096,0.024810442374344096,8586.336749754126,8586.336749754126,346077.53542649676
2019-12-17,0.023813727966935774,0.023813727966935774,8232.981580231448,8232.981580231448,345724.18025697407
2019-12-18,0.023572395029877184,0.023572395029877184,8147.532713967428,8147.532713967428,345638.73139071005
2019-12-19,0.023560588875734065,0.023560588875734065,8143.3535871377035,8143.3535871377035,345634.5522638803
2019-12-20,0.02344234326460183,0.02344234326460183,8101.502736264766,8101.502736264766,345592.7014130074
2019-12-23,0.0238293428302352,0.0238293428302352,8238.511797488409,8238.511797488409,345729.71047423105
2019-12-24,0.02396033243588171,0.02396033243588171,8284.91052485604,8284.91052485604,345776.1092015987
2019-12-25,0.024283015115107866,0.024283015115107866,8399.263316759863,8399.263316759863,345890.46199350245
2019-12-26,0.0238087644680646,0.0238087644680646,8231.223726323338,8231.223726323338,345722.42240306595
2019-12-27,0.024264921823400423,0.024264921823400423,8392.84938620879,8392.84938620879,345884.0480629514
2019-12-30,0.0,0.0,0.0,0.0,346206.7026317498
2019-12-31,0.0,0.0,0.0,0.0,346206.7026317498
2020-01-01,0.0,0.0,0.0,0.0,346206.7026317498
2020-01-02,0.0,0.0,0.0,0.0,346206.7026317498
2020-01-03,0.0,0.0,0.0,0.0,346206.7026317498
2020-01-06,0.014099081934703737,-0.014099081934703737,4881.196666748652,-4881.196666748652,346206.7026317498
2020-01-07,0.013899452038165885,-0.013899452038165885,4813.030924979926,-4813.030924979926,346274.8683735185
2020-01-08,0.01437797334981754,-0.01437797334981754,4976.382169347845,-4976.382169347845,346111.5171291506
2020-01-09,0.01438216189809885,-0.01438216189809885,4977.811319873816,-4977.811319873816,346110.0879786246
2020-01-10,0.014432667160911681,-0.014432667160911681,4995.043001700916,-4995.043001700916,346092.8562967976
2020-01-13,0.014971420565570168,-0.014971420565570168,5178.751331689144,-5178.751331689144,345909.14796680934
2020-01-14,0.014789531568820733,-0.014789531568820733,5116.751216460454,-5116.751216460454,345971.14808203804
2020-01-15,0.014396778228166176,-0.014396778228166176,4982.798381538546,-4982.798381538546,346105.1009169599
2020-01-16,0.014190705002874685,-0.014190705002874685,4912.473348895308,-4912.473348895308,346175.42594960314
2020-01-17,0.01431079176115571,-0.01431079176115571,4953.4579120454855,-4953.4579120454855,346134.441386453
2020-01-20,0.0,0.0,0.0,0.0,356101.2553312373
2020-01-21,0.0,0.0,0.0,0.0,356101.2553312373
2020-01-22,0.0,0.0,0.0,0.0,356101.2553312373
2020-01-23,0.0,0.0,0.0,0.0,356101.2553312373
2020-01-24,0.014749068583634204,0.014749068583634204,5252.161837598654,5252.161837598654,356101.2553312373
2020-01-27,0.014423320266562598,0.014423320266562598,5134.464871937281,5134.464871937281,355983.5583655759
2020-01-28,0.013795214417119785,0.013795214417119785,4907.741823556681,4907.741823556681,355756.8353171953
2020-01-29,0.013477054495439683,0.013477054495439683,4793.007982466153,4793.007982466153,355642.10147610476
2020-01-30,0.013519554759722939,0.013519554759722939,4808.330012797232,4808.330012797232,355657.4235064358
2020-01-31,0.01342014901552335,0.01342014901552335,4772.494706786789,4772.494706786789,355621.5882004254
2020-02-03,0.013297120270122973,0.013297120270122973,4728.153417496577,4728.153417496577,355577.2469111352
2020-02-04,0.013205855886317414,0.013205855886317414,4695.267593712359,4695.267593712359,355544.361087351
2020-02-05,0.013233050239587438,0.013233050239587438,4705.066056217534,4705.066056217534,355554.15954985615
2020-02-06,0.012869656160041284,0.012869656160041284,4574.1752601390635,4574.1752601390635,355423.26875377767
2020-02-07,0.013057378264818007,0.013057378264818007,4641.778789085638,4641.778789085638,355490.87228272425
2020-02-10,0.013233370022258814,0.013233370022258814,4705.181281089865,4705.181281089865,355554.27477472846
2020-02-11,0.013273653758245798,0.013273653758245798,4719.6970124156,4719.6970124156,355568.79050605424
2020-02-12,0.013332093716487232,0.013332093716487232,4740.757214269535,4740.757214269535,355589.85070790816
2020-02-13,0.013363323229136314,0.013363323229136314,4752.012520302666,4752.012520302666,355601.1060139413
2020-02-14,0.013579688027561397,0.013579688027561397,4830.011280758638,4830.011280758638,355679.1047743973
2020-02-17,0.013570357983499598,0.013570357983499598,4826.647126258351,4826.647126258351,355675.74061989697
2020-02-18,0.013537511823725572,0.013537511823725572,4814.804220578537,4814.804220578537,355663.89771421714
2020-02-19,0.013457245098190468,0.013457245098190468,4785.866826513529,4785.866826513529,355634.96032015217
2020-02-20,0.013348048688081909,0.013348048688081909,4746.507393914805,4746.507393914805,355595.6008875534
2020-02-21,0.013217565620146247,0.013217565620146247,4699.486689723418,4699.486689723418,355548.58018336206
2020-02-24,0.013125146209636384,0.013125146209636384,4666.190076619983,4666.190076619983,355515.2835702586
2020-02-25,0.013117824111429595,0.013117824111429595,4663.552357666379,4663.552357666379,355512.645851305
2020-02-26,0.013152490830984083,0.013152490830984083,4676.041072566394,4676.041072566394,355525.13456620503
2020-02-27,0.013157802276825252,0.013157802276825252,4677.954602917831,4677.954602917831,355527.04809655645
2020-02-28,0.013078517106785951,0.013078517106785951,4649.393037534462,4649.393037534462,355498.48653117305
2020-03-02,0.013171796631724112,0.013171796631724112,4682.996383919048,4682.996383919048,355532.08987755765
2020-03-03,0.013248907329598525,0.013248907329598525,4710.779811544159,4710.779811544159,355559.8733051828
2020-03-04,0.013232220569581198,0.013232220569581198,4704.767107844957,4704.767107844957,355553.86060148355
2020-03-05,0.013164192008018629,0.013164192008018629,4680.256629507173,4680.256629507173,355529.3501231458
2020-03-06,0.013221310479780628,0.013221310479780628,4700.836009018748,4700.836009018748,355549.9295026574
2020-03-09,0.013240944038531785,0.013240944038531785,4707.9103909437845,4707.9103909437845,355557.00388458243
2020-03-10,0.013090429032450645,0.013090429032450645,4653.683878022835,4653.683878022835,355502.77737166145
2020-03-11,0.013083404959289275,0.013083404959289275,4651.153697124189,4651.153697124189,355500.24719076284
2020-03-12,0.013110500338359565,0.013110500338359565,4660.914074512456,4660.914074512456,355510.00756815105
2020-03-13,0.013017699515098317,0.013017699515098317,4627.48731360324,4627.48731360324,355476.58080724184
2020-03-16,0.013037227180356045,0.013037227180356045,4634.520636306115,4634.520636306115,355483.6141299447
2020-03-17,0.012888316213589433,0.012888316213589433,4580.89407153208,4580.89407153208,355429.9875651707
2020-03-18,0.013025020623090954,0.013025020623090954,4630.124140768388,4630.124140768388,355479.217634407
2020-03-19,0.0,0.0,0.0,0.0,355525.6744585265
2020-03-20,0.0,0.0,0.0,0.0,355525.6744585265
2020-03-23,0.0,0.0,0.0,0.0,355525.6744585265
2020-03-24,0.01320404003313606,0.01320404003313606,4694.375238358082,4694.375238358082,355525.6744585265
2020-03-25,0.013084046405869607,0.013084046405869607,4651.148846982738,4651.148846982738,355482.4480671511
2020-03-26,0.013053732914773372,0.013053732914773372,4640.230406553173,4640.230406553173,355471.5296267216
2020-03-27,0.012943692009214866,0.012943692009214866,4600.601047312244,4600.601047312244,355431.90026748064
2020-03-30,0.013016913539371617,0.013016913539371617,4626.9695514549385,4626.9695514549385,355458.2687716233
2020-03-31,0.013223800681361206,0.013223800681361206,4701.494803861216,4701.494803861216,355532.7940240296
2020-04-01,0.013101533289791495,0.013101533289791495,4657.447651282577,4657.447651282577,355488.746871451
2020-04-02,0.013015188843585757,0.013015188843585757,4626.348409800812,4626.348409800812,355457.6476299692
2020-04-03,0.013039407220751663,0.013039407220751663,4635.07075134088,4635.07075134088,355466.36997150927
2020-04-06,0.013206325094875206,0.013206325094875206,4695.198508851853,4695.198508851853,355526.49772902025
2020-04-07,0.013079490826314329,0.013079490826314329,4649.507956396696,4649.507956396696,355480.80717656505
2020-04-08,0.013105233088421792,0.013105233088421792,4658.780353433665,4658.780353433665,355490.07957360207
2020-04-09,0.0,0.0,0.0,0.0,355558.45675548346
2020-04-10,0.0,0.0,0.0,0.0,355558.45675548346
2020-04-13,0.0,0.0,0.0,0.0,355558.45675548346
2020-04-14,0.0,0.0,0.0,0.0,355558.45675548346
2020-04-15,0.0,0.0,0.0,0.0,355558.45675548346
2020-04-16,0.0,0.0,0.0,0.0,355558.45675548346
2020-04-17,0.0,0.0,0.0,0.0,355558.45675548346
2020-04-20,0.012976397705611568,0.012976397705611568,4613.867942452645,4613.867942452645,355558.45675548346
2020-04-21,0.013029314951767306,0.013029314951767306,4632.931501952353,4632.931501952353,355577.52031498315
2020-04-22,0.012970033307932942,0.012970033307932942,4611.575291273701,4611.575291273701,355556.1641043045
2020-04-23,0.013101205378131088,0.013101205378131088,4658.833468476301,4658.833468476301,355603.4222815071
2020-04-24,0.013036448352713274,0.013036448352713274,4635.501482389367,4635.501482389367,355580.09029542014
2020-04-27,0.012971082524570826,0.012971082524570826,4611.9532492407625,4611.9532492407625,355556.54206227156
2020-04-28,0.013026623682864282,0.013026623682864282,4631.961916808517,4631.961916808517,355576.5507298393
2020-04-29,0.013105328508608032,0.013105328508608032,4660.319137971202,4660.319137971202,355604.907951002
2020-04-30,0.0,0.0,0.0,0.0,355621.6442194559
2020-05-01,0.0,0.0,0.0,0.0,355621.6442194559
2020-05-04,0.0,0.0,0.0,0.0,355621.6442194559
2020-05-05,0.0,0.0,0.0,0.0,355621.6442194559
2020-05-06,0.0,0.0,0.0,0.0,355621.6442194559
2020-05-07,0.014654828431047115,0.014654828431047115,5211.574182403004,5211.574182403004,355621.6442194559
2020-05-08,0.01470647724618206,0.01470647724618206,5230.215771062738,5230.215771062738,355640.2858081157
2020-05-11,0.014613267241808071,0.014613267241808071,5196.574935953305,5196.574935953305,355606.6449730062
2020-05-12,0.014466244158470818,0.014466244158470818,5143.525118948808,5143.525118948808,355553.59515600174
2020-05-13,0.014547885610665638,0.014547885610665638,5172.981559721288,5172.981559721288,355583.0515967742
2020-05-14,0.014575625834791377,0.014575625834791377,5182.991413146078,5182.991413146078,355593.061450199
2020-05-15,0.014505244527845738,0.014505244527845738,5157.595941210081,5157.595941210081,355567.665978263
2020-05-18,0.014672138303354391,0.014672138303354391,5217.821610787443,5217.821610787443,355627.8916478403
2020-05-19,0.014621261773624767,0.014621261773624767,5199.460028280932,5199.460028280932,355609.5300653338
2020-05-20,0.014624962960537488,0.014624962960537488,5200.795740359323,5200.795740359323,355610.86577741225
2020-05-21,0.014655998006586358,0.014655998006586358,5211.9962952645665,5211.9962952645665,355622.0663323175
2020-05-22,0.014584580228512244,0.014584580228512244,5186.222659798756,5186.222659798756,355596.29269685165
2020-05-25,0.014638848329228083,0.014638848329228083,5205.8068857381795,5205.8068857381795,355615.87692279107
2020-05-26,0.014577417176159263,0.014577417176159263,5183.637824718343,5183.637824718343,355593.7078617712
2020-05-27,0.014530187518084102,0.014530187518084102,5166.595629185542,5166.595629185542,355576.66566623846
2020-05-28,0.0,0.0,0.0,0.0,355633.2955587194
2020-05-29,0.0,0.0,0.0,0.0,355633.2955587194
2020-06-01,0.017121337030439443,0.017121337030439443,6088.917512506718,6088.917512506718,355633.2955587194
2020-06-02,0.017339565385113345,0.017339565385113345,6167.896238242685,6167.896238242685,355712.27428445534
2020-06-03,0.011210899963676399,-0.011210899963676399,3989.2794424390718,-3989.2794424390718,355839.35771119525
2020-06-04,0.011174205860179623,-0.011174205860179623,3976.366527785584,-3976.366527785584,355852.27062584873
2020-06-05,0.0,0.0,0.0,0.0,363891.9672555357
2020-06-08,0.0,0.0,0.0,0.0,363891.9672555357
2020-06-09,0.0,0.0,0.0,0.0,363891.9672555357
2020-06-10,0.0,0.0,0.0,0.0,363891.9672555357
2020-06-11,0.01230487253321165,0.01230487253321165,4477.644272938995,4477.644272938995,363891.9672555357
2020-06-12,0.012361349535013342,0.012361349535013342,4498.453024480498,4498.453024480498,363912.7760070772
2020-06-15,0.012412682276477426,0.012412682276477426,4517.368456170436,4517.368456170436,363931.6914387671
2020-06-16,0.012266978694330894,0.012266978694330894,4463.683755997934,4463.683755997934,363878.0067385946
2020-06-17,0.012334938460171273,0.012334938460171273,4488.72166114957,4488.72166114957,363903.0446437463
2020-06-18,0.0,0.0,0.0,0.0,363977.3646481922
2020-06-19,0.0,0.0,0.0,0.0,363977.3646481922
2020-06-22,0.0,0.0,0.0,0.0,363977.3646481922
2020-06-23,0.0,0.0,0.0,0.0,363977.3646481922
2020-06-24,0.0,0.0,0.0,0.0,363977.3646481922
2020-06-25,0.0,0.0,0.0,0.0,363977.3646481922
2020-06-26,0.0,0.0,0.0,0.0,363977.3646481922
2020-06-29,0.0,0.0,0.0,0.0,363977.3646481922
2020-06-30,0.0,0.0,0.0,0.0,363977.3646481922
2020-07-01,0.0,0.0,0.0,0.0,363977.3646481922
2020-07-02,0.014723201749369124,-0.014723201749369124,5358.912171919027,-5358.912171919027,363977.3646481922
2020-07-03,0.014591880590686234,-0.014591880590686234,5311.801673427635,-5311.801673427635,364024.4751466836
2020-07-06,0.014661603075726887,-0.014661603075726887,5336.815619896005,-5336.815619896005,363999.4612002152
2020-07-07,0.014699665741896451,-0.014699665741896451,5350.469699467851,-5350.469699467851,363985.8071206434
2020-07-08,0.014596336008343895,-0.014596336008343895,5313.400221556411,-5313.400221556411,364022.8765985548
2020-07-09,0.014617368389340439,-0.014617368389340439,5320.946187228409,-5320.946187228409,364015.3306328828
2020-07-10,0.014761952281751962,-0.014761952281751962,5372.811310158991,-5372.811310158991,363963.4655099522
2020-07-13,0.014723201119754297,-0.014723201119754297,5358.911946078575,-5358.911946078575,363977.3648740326
2020-07-14,0.0,0.0,0.0,0.0,374767.23713910807
2020-07-15,0.0,0.0,0.0,0.0,374767.23713910807
2020-07-16,0.0,0.0,0.0,0.0,374767.23713910807
2020-07-17,0.0,0.0,0.0,0.0,374767.23713910807
2020-07-20,0.0,0.0,0.0,0.0,374767.23713910807
2020-07-21,0.013097301679657166,0.013097301679657166,4908.439564462516,4908.439564462516,374767.23713910807
2020-07-22,0.012931279897609038,0.012931279897609038,4845.404921285257,4845.404921285257,374704.20249593083
2020-07-23,0.012980597522002871,0.012980597522002871,4864.127472302076,4864.127472302076,374722.9250469476
2020-07-24,0.012927129492153947,0.012927129492153947,4843.829379688936,4843.829379688936,374702.6269543345
2020-07-27,0.01266791957358315,0.01266791957358315,4745.456563342131,4745.456563342131,374604.2541379877
2020-07-28,0.01274669148288082,0.01274669148288082,4775.345845125143,4775.345845125143,374634.1434197707
2020-07-29,0.012774141088250176,0.012774141088250176,4785.762467929265,4785.762467929265,374644.5600425748
2020-07-30,0.012702319940560302,0.012702319940560302,4758.508881881736,4758.508881881736,374617.30645652727
2020-07-31,0.012570881261438014,0.012570881261438014,4708.642817571319,4708.642817571319,374567.44039221684
2020-08-03,0.012654150432642461,0.012654150432642461,4740.232478210799,4740.232478210799,374599.03005285637
2020-08-04,0.012689116392253402,0.012689116392253402,4753.499033631785,4753.499033631785,374612.2966082773
2020-08-05,0.012930143777472949,0.012930143777472949,4844.973635711242,4844.973635711242,374703.7712103568
2020-08-06,0.012973116882377438,0.012973116882377438,4861.2874613463355,4861.2874613463355,374720.08503599185
2020-08-07,0.0,0.0,0.0,0.0,374735.18633452384
2020-08-10,0.0,0.0,0.0,0.0,374735.18633452384
2020-08-11,0.0,0.0,0.0,0.0,374735.18633452384
2020-08-12,0.0,0.0,0.0,0.0,374735.18633452384
2020-08-13,0.00923258267813992,-0.00923258267813992,3459.7735902416603,-3459.7735902416603,374735.18633452384
2020-08-14,0.009193804333136064,-0.009193804333136064,3445.3743635734318,-3445.3743635734318,374749.58556119207
2020-08-17,0.009161542751607606,-0.009161542751607606,3433.394106899784,-3433.394106899784,374761.5658178657
2020-08-18,0.009126175517715128,-0.009126175517715128,3420.259693905897,-3420.259693905897,374774.7002308596
2020-08-19,0.00918462646089621,-0.00918462646089621,3441.96626189606,-3441.96626189606,374752.99366286944
2020-08-20,0.009296414699950165,-0.009296414699950165,3483.47337183088,-3483.47337183088,374711.4865529346
2020-08-21,0.009262037198610427,-0.009262037198610427,3470.7099425566116,-3470.7099425566116,374724.2499822089
2020-08-24,0.009230326431410661,-0.009230326431410661,3458.935828021915,-3458.935828021915,374736.0240967436
2020-08-25,0.009253762760636797,-0.009253762760636797,3467.637739431788,-3467.637739431788,374727.3221853337
2020-08-26,0.009235419023453704,-0.009235419023453704,3460.826742330494,-3460.826742330494,374734.133182435
2020-08-27,0.009306685633628513,-0.009306685633628513,3487.286520878322,-3487.286520878322,374707.6734038872
2020-08-28,0.009139015543442352,-0.009139015543442352,3425.0282309644763,-3425.0282309644763,374769.931693801
2020-08-31,0.0,0.0,0.0,0.0,381712.0560383632
2020-09-01,0.0,0.0,0.0,0.0,381712.0560383632
2020-09-02,0.014356151398001468,0.014356151398001468,5479.916066929162,5479.916066929162,381712.0560383632
2020-09-03,0.014247474534230076,0.014247474534230076,5437.833223576184,5437.833223576184,381669.9731950102
2020-09-04,0.014145016202561929,0.014145016202561929,5398.1668737132895,5398.1668737132895,381630.30684514734
2020-09-07,0.014122598600144136,0.014122598600144136,5389.489084287051,5389.489084287051,381621.62905572105
2020-09-08,0.014247104339999976,0.014247104339999976,5437.68988945817,5437.68988945817,381669.8298608922
2020-09-09,0.014219597246044083,0.014219597246044083,5427.039821916977,5427.039821916977,381659.179793351
2020-09-10,0.014104464491084935,0.014104464491084935,5382.469711552926,5382.469711552926,381614.6096829869
2020-09-11,0.014098130029590027,0.014098130029590027,5380.017821436313,5380.017821436313,381612.15779287036
2020-09-14,0.014215269922974243,0.014215269922974243,5425.3644433853915,5425.3644433853915,381657.5044148194
2020-09-15,0.01410627346595877,0.01410627346595877,5383.16992012696,5383.16992012696,381615.309891561
2020-09-16,0.014005322226993149,0.014005322226993149,5344.098169325206,5344.098169325206,381576.23814075923
2020-09-17,0.014067161208983651,0.014067161208983651,5368.031124177714,5368.031124177714,381600.17109561176
2020-09-18,0.01404260200153901,0.01404260200153901,5358.525847598956,5358.525847598956,381590.665819033
2020-09-21,0.014114500337522299,0.014114500337522299,5386.354367146649,5386.354367146649,381618.4943385807
2020-09-22,0.014112981226542502,0.014112981226542502,5385.766347592882,5385.766347592882,381617.9063190269
2020-09-23,0.014191297111646347,0.014191297111646347,5416.083328988242,5416.083328988242,381648.22330042225
2020-09-24,0.014075916773696446,0.014075916773696446,5371.419950000396,5371.419950000396,381603.55992143444
2020-09-25,0.01407457517120655,0.01407457517120655,5370.900681226864,5370.900681226864,381603.0406526609
2020-09-28,0.014051205228887892,0.014051205228887892,5361.8555451143475,5361.8555451143475,381593.9955165484
2020-09-29,0.01391708289280077,0.01391708289280077,5309.952934058431,5309.952934058431,381542.09290549246
2020-09-30,0.013746472563118128,0.013746472563118128,5243.950612700369,5243.950612700369,381476.0905841344
2020-10-01,0.01382104769050311,0.01382104769050311,5272.797941050882,5272.797941050882,381504.9379124849
2020-10-02,0.013782831958597929,0.013782831958597929,5258.014695635757,5258.014695635757,381490.1546670698
2020-10-05,0.013672107115213957,0.013672107115213957,5215.188736912745,5215.188736912745,381447.32870834676
2020-10-06,0.01366173507422555,0.01366173507422555,5211.177549808918,5211.177549808918,381443.31752124295
2020-10-07,0.013783871540327045,0.013783871540327045,5258.416828782016,5258.416828782016,381490.556800216
2020-10-08,0.01353802681300979,0.01353802681300979,5163.342264875963,5163.342264875963,381395.48223630997
2020-10-09,0.013379056759115946,0.013379056759115946,5101.889626168727,5101.889626168727,381334.0295976027
2020-10-12,0.013281948852781209,0.013281948852781209,5064.36061858104,5064.36061858104,381296.5005900151
2020-10-13,0.013436019968725359,0.013436019968725359,5123.9074685984515,5123.9074685984515,381356.0474400325
2020-10-14,0.013466019593683126,0.013466019593683126,5135.504168383557,5135.504168383557,381367.64413981757
2020-10-15,0.013547812167403058,0.013547812167403058,5167.1256108948655,5167.1256108948655,381399.2655823289
2020-10-16,0.013426452154323915,0.013426452154323915,5120.209068321309,5120.209068321309,381352.34903975535
2020-10-19,0.013308331090310746,0.013308331090310746,5074.555753661954,5074.555753661954,381306.695725096
2020-10-20,0.013355455927087746,0.013355455927087746,5092.768002344591,5092.768002344591,381324.9079737786
2020-10-21,0.013361600408748042,0.013361600408748042,5095.1427770387745,5095.1427770387745,381327.2827484728
2020-10-22,0.013419596702532887,0.013419596702532887,5117.5591650437855,5117.5591650437855,381349.6991364778
2020-10-23,0.013399733839424024,0.013399733839424024,5109.881590720772,5109.881590720772,381342.0215621548
2020-10-26,0.013429182596365531,0.013429182596365531,5121.264502425094,5121.264502425094,381353.4044738591
2020-10-27,0.013445952070771042,0.013445952070771042,5127.746758687893,5127.746758687893,381359.8867301219
2020-10-28,0.0,0.0,0.0,0.0,381391.8917503771
2020-10-29,0.0,0.0,0.0,0.0,381391.8917503771
2020-10-30,0.0,0.0,0.0,0.0,381391.8917503771
2020-11-02,0.009471111633819283,0.009471111633819283,3612.205183001341,3612.205183001341,381391.8917503771
2020-11-03,0.009546590213981026,0.009546590213981026,3641.269567242028,3641.269567242028,381420.95613461774
2020-11-04,0.0,0.0,0.0,0.0,381455.7196489524
2020-11-05,0.0,0.0,0.0,0.0,381455.7196489524
2020-11-06,0.011785241155192232,0.011785241155192232,4495.547646090305,4495.547646090305,381455.7196489524
2020-11-09,0.011794471878076094,0.011794471878076094,4499.1107834542845,4499.1107834542845,381459.28278631635
2020-11-10,0.011881582221430848,0.011881582221430848,4532.739393650701,4532.739393650701,381492.9113965128
2020-11-11,0.0,0.0,0.0,0.0,381558.56657059595
2020-11-12,0.0,0.0,0.0,0.0,381558.56657059595
2020-11-13,0.0,0.0,0.0,0.0,381558.56657059595
2020-11-16,0.0,0.0,0.0,0.0,381558.56657059595
2020-11-17,0.0,0.0,0.0,0.0,381558.56657059595
2020-11-18,0.0,0.0,0.0,0.0,381558.56657059595
2020-11-19,0.0,0.0,0.0,0.0,381558.56657059595
2020-11-20,0.0,0.0,0.0,0.0,381558.56657059595
2020-11-23,0.009394122879241476,-0.009394122879241476,3584.4080599914173,-3584.4080599914173,381558.56657059595
2020-11-24,0.009480702604052503,-0.009480702604052503,3617.1330398823197,-3617.1330398823197,381525.84159070504
2020-11-25,0.009410461926317108,-0.009410461926317108,3590.5842426410504,-3590.5842426410504,381552.39038794633
2020-11-26,0.009475663620439627,-0.009475663620439627,3615.22858340759,-3615.22858340759,381527.7460471798
2020-11-27,0.009524737974674671,-0.009524737974674671,3633.77515988632,-3633.77515988632,381509.19947070105
2020-11-30,0.009558841691923342,-0.009558841691923342,3646.6628503598254,-3646.6628503598254,381496.3117802276
2020-12-01,0.00965581115795794,-0.00965581115795794,3683.3025579103323,-3683.3025579103323,381459.67207267706
2020-12-02,0.00970549385645004,-0.00970549385645004,3702.0723338398434,-3702.0723338398434,381440.90229674755
2020-12-03,0.00976368456145444,-0.00976368456145444,3724.054026548273,-3724.054026548273,381418.9206040391
2020-12-04,0.009814049413038548,-0.009814049413038548,3743.0774371838843,-3743.0774371838843,381399.8971934035
2020-12-07,0.009841105940621838,-0.009841105940621838,3753.296229801823,-3753.296229801823,381389.67840078555
2020-12-08,0.00970032891020436,-0.00970032891020436,3700.1211393122617,-3700.1211393122617,381442.8534912751
2020-12-09,0.009706883307999768,-0.009706883307999768,3702.5972323639467,-3702.5972323639467,381440.37739822344
2020-12-10,0.009663371687630002,-0.009663371687630002,3686.1589922925955,-3686.1589922925955,381456.8156382948
2020-12-11,0.009563994405608634,-0.009563994405608634,3648.6099693909036,-3648.6099693909036,381494.3646611965
2020-12-14,0.009694798985343171,-0.009694798985343171,3698.032042368548,-3698.032042368548,381444.94258821884
2020-12-15,0.009831156293499836,-0.009831156293499836,3749.538480110291,-3749.538480110291,381393.4361504771
2020-12-16,0.009939709668781967,-0.009939709668781967,3790.53255570532,-3790.53255570532,381352.44207488204
2020-12-17,0.009960226717319224,-0.009960226717319224,3798.279619754845,-3798.279619754845,381344.6950108325
2020-12-18,0.010069520054993546,-0.010069520054993546,3839.542556309808,-3839.542556309808,381303.4320742776
2020-12-21,0.010070500838262244,-0.010070500838262244,3839.9128037590353,-3839.9128037590353,381303.06182682834
2020-12-22,0.010087017197018544,-0.010087017197018544,3846.147650912584,-3846.147650912584,381296.8269796748
2020-12-23,0.00999828471462473,-0.00999828471462473,3812.6491643321338,-3812.6491643321338,381330.32546625525
2020-12-24,0.01003040805925095,-0.01003040805925095,3824.7771214348495,-3824.7771214348495,381318.1975091525
2020-12-25,0.010035303432332702,-0.010035303432332702,3826.6252695474204,-3826.6252695474204,381316.34936104
2020-12-28,0.00993023328402962,-0.00993023328402962,3786.9542466813414,-3786.9542466813414,381356.020383906
2020-12-29,0.009926126559502825,-0.009926126559502825,3785.4035153147947,-3785.4035153147947,381357.5711152726
2020-12-30,0.009919734548038673,-0.009919734548038673,3782.989816598826,-3782.989816598826,381359.98481398856
2020-12-31,0.010064861944346281,-0.010064861944346281,3837.784101339535,-3837.784101339535,381305.19052924786
2021-01-01,0.010137853719851554,-0.010137853719851554,3865.3369177829672,-3865.3369177829672,381277.6377128044
2021-01-04,0.010138791431688311,-0.010138791431688311,3865.6908578127995,-3865.6908578127995,381277.28377277456
2021-01-05,0.010159195956321188,-0.010159195956321188,3873.3923980847103,-3873.3923980847103,381269.5822325027
2021-01-06,0.01016282641409168,-0.01016282641409168,3874.7626555137836,-3874.7626555137836,381268.2119750736
2021-01-07,0.010146175110159202,-0.010146175110159202,3868.477809781732,-3868.477809781732,381274.49682080565
2021-01-08,0.010057814591251655,-0.010057814591251655,3835.123667178585,-3835.123667178585,381307.8509634088
2021-01-11,0.010045545897644616,-0.010045545897644616,3830.4920451567564,-3830.4920451567564,381312.4825854306
2021-01-12,0.0,0.0,0.0,0.0,388504.09399512975
2021-01-13,0.010003406722834566,0.010003406722834566,3886.3644657196332,3886.3644657196332,388504.09399512975
2021-01-14,0.010043990416736719,0.010043990416736719,3902.2913665897727,3902.2913665897727,388520.0208959999
2021-01-15,0.010075161291826727,0.010075161291826727,3914.5251327988526,3914.5251327988526,388532.254662209
2021-01-18,0.009933595067239329,0.009933595067239329,3858.9702284521145,3858.9702284521145,388476.69975786225
2021-01-19,0.009923946961107039,0.009923946961107039,3855.184595603323,3855.184595603323,388472.91412501346
2021-01-20,0.01000251908292192,0.01000251908292192,3886.0161297423165,3886.0161297423165,388503.74565915245
2021-01-21,0.010086779880314674,0.010086779880314674,3919.08532685371,3919.08532685371,388536.81485626387
2021-01-22,0.0,0.0,0.0,0.0,388569.1099298633
2021-01-25,0.0,0.0,0.0,0.0,388569.1099298633
2021-01-26,0.0,0.0,0.0,0.0,388569.1099298633
2021-01-27,0.0,0.0,0.0,0.0,388569.1099298633
2021-01-28,0.0,0.0,0.0,0.0,388569.1099298633
2021-01-29,0.0,0.0,0.0,0.0,388569.1099298633
2021-02-01,0.0,0.0,0.0,0.0,388569.1099298633
2021-02-02,0.012733434574661995,-0.012733434574661995,4947.819339026559,-4947.819339026559,388569.1099298633
2021-02-03,0.012725870450845528,-0.012725870450845528,4944.917087840407,-4944.917087840407,388572.0121810495
2021-02-04,0.01254761316617875,-0.01254761316617875,4876.509646167308,-4876.509646167308,388640.4196227226
2021-02-05,0.012511719092017868,-0.012511719092017868,4862.73213843005,-4862.73213843005,388654.1971304598
2021-02-08,0.012557495223248739,-0.012557495223248739,4880.302583185239,-4880.302583185239,388636.6266857046
2021-02-09,0.012539389324248189,-0.012539389324248189,4873.353109826596,-4873.353109826596,388643.57615906326
2021-02-10,0.012464267014494613,-0.012464267014494613,4844.51673103957,-4844.51673103957,388672.4125378503
2021-02-11,0.012515287798990945,-0.012515287798990945,4864.101987320362,-4864.101987320362,388652.82728156954
2021-02-12,0.01245149154273435,-0.01245149154273435,4839.612324782235,-4839.612324782235,388677.31694410765
2021-02-15,0.0,0.0,0.0,0.0,398604.4879935779
2021-02-16,0.0,0.0,0.0,0.0,398604.4879935779
2021-02-17,0.0,0.0,0.0,0.0,398604.4879935779
2021-02-18,0.0,0.0,0.0,0.0,398604.4879935779
2021-02-19,0.0,0.0,0.0,0.0,398604.4879935779
2021-02-22,0.0,0.0,0.0,0.0,398604.4879935779
2021-02-23,0.0,0.0,0.0,0.0,398604.4879935779
2021-02-24,0.0,0.0,0.0,0.0,398604.4879935779
2021-02-25,0.0,0.0,0.0,0.0,398604.4879935779
2021-02-26,0.014462856125218776,0.014462856125218776,5764.959360717612,5764.959360717612,398604.4879935779
2021-03-01,0.014161783289741334,0.014161783289741334,5643.226421782935,5643.226421782935,398482.7550546432
2021-03-02,0.01418063379846284,0.01418063379846284,5650.84607595799,5650.84607595799,398490.3747088183
2021-03-03,0.01419981262633861,0.01419981262633861,5658.598740650673,5658.598740650673,398498.127373511
2021-03-04,0.014194055902507031,0.014194055902507031,5656.271666361431,5656.271666361431,398495.8002992217
2021-03-05,0.014413580412895621,0.014413580412895621,5745.030595780572,5745.030595780572,398584.55922864086
2021-03-08,0.01397874457028703,0.01397874457028703,5569.254615588922,5569.254615588922,398408.7832484492
2021-03-09,0.01405823738047286,0.01405823738047286,5601.376831102941,5601.376831102941,398440.9054639632
2021-03-10,0.014334447902676987,0.014334447902676987,5713.030901118386,5713.030901118386,398552.5595339787
2021-03-11,0.01415843796771018,0.01415843796771018,5641.874223629745,5641.874223629745,398481.40285649005
2021-03-12,0.014108865715786964,0.014108865715786964,5621.837913532017,5621.837913532017,398461.3665463923
2021-03-15,0.01399753977309024,0.01399753977309024,5576.849093474921,5576.849093474921,398416.3777263352
2021-03-16,0.013863853782063897,0.013863853782063897,5522.837597697441,5522.837597697441,398362.36623055773
2021-03-17,0.013824055389276434,0.013824055389276434,5506.761174408445,5506.761174408445,398346.2898072687
2021-03-18,0.014073409428578975,0.014073409428578975,5607.508286165574,5607.508286165574,398447.0369190259
2021-03-19,0.0,0.0,0.0,0.0,398577.7833348555
2021-03-22,0.0,0.0,0.0,0.0,398577.7833348555
2021-03-23,0.0,0.0,0.0,0.0,398577.7833348555
2021-03-24,0.009126362717243474,-0.009126362717243474,3637.565421748772,-3637.565421748772,398577.7833348555
2021-03-25,0.009331679023185505,-0.009331679023185505,3718.6433466823028,-3718.6433466823028,398496.705409922
2021-03-26,0.009330552760801006,-0.009330552760801006,3718.198683783293,-3718.198683783293,398497.150072821
2021-03-29,0.009354813170086773,-0.009354813170086773,3727.7767863829276,-3727.7767863829276,398487.57197022135
2021-03-30,0.009405806406720443,-0.009405806406720443,3747.9076107987194,-3747.9076107987194,398467.4411458056
2021-03-31,0.009784984530582987,-0.009784984530582987,3897.5336589858116,-3897.5336589858116,398317.8150976185
2021-04-01,0.009896437198164318,-0.009896437198164318,3941.4922089941288,-3941.4922089941288,398273.8565476102
2021-04-02,0.009821892493766105,-0.009821892493766105,3912.091770038938,-3912.091770038938,398303.25698656536
2021-04-05,0.009947951209547749,-0.009947951209547749,3961.8068043704,-3961.8068043704,398253.5419522339
2021-04-06,0.009914431679053225,-0.009914431679053225,3948.5885837714277,-3948.5885837714277,398266.7601728329
2021-04-07,0.009865720817743569,-0.009865720817743569,3929.3781912220934,-3929.3781912220934,398285.9705653822
2021-04-08,0.00998503591551196,-0.00998503591551196,3976.429907661348,-3976.429907661348,398238.91884894297
2021-04-09,0.009998892232381004,-0.009998892232381004,3981.8934034053486,-3981.8934034053486,398233.455353199
2021-04-12,0.010042848013754909,-0.010042848013754909,3999.2240173824707,-3999.2240173824707,398216.1247392218
2021-04-13,0.010054701123282443,-0.010054701123282443,4003.8971299742097,-4003.8971299742097,398211.4516266301
2021-04-14,0.010106007923252208,-0.010106007923252208,4024.1236756377507,-4024.1236756377507,398191.22508096654
2021-04-15,0.010168467541187387,-0.010168467541187387,4048.744194474807,-4048.744194474807,398166.6045621295
2021-04-16,0.009942557187835467,-0.009942557187835467,3959.679764335306,-3959.679764335306,398255.66899226897
2021-04-19,0.010033334522265137,-0.010033334522265137,3995.4732246271133,-3995.4732246271133,398219.8755319772
2021-04-20,0.009924645954686609,-0.009924645954686609,3952.6166134668256,-3952.6166134668256,398262.7321431375
2021-04-21,0.0,0.0,0.0,0.0,405601.7979072107
2021-04-22,0.0,0.0,0.0,0.0,405601.7979072107
2021-04-23,0.0,0.0,0.0,0.0,405601.7979072107
2021-04-26,0.0,0.0,0.0,0.0,405601.7979072107
2021-04-27,0.0,0.0,0.0,0.0,405601.7979072107
2021-04-28,0.009858235730881239,0.009858235730881239,3998.5181366385364,3998.5181366385364,405601.7979072107
2021-04-29,0.009820402456597366,0.009820402456597366,3983.0207015183555,3983.0207015183555,405586.30047209054
2021-04-30,0.00976205121185014,0.00976205121185014,3959.1209251929463,3959.1209251929463,405562.40069576516
2021-05-03,0.00976631471505679,0.00976631471505679,3960.8670954369586,3960.8670954369586,405564.14686600916
2021-05-04,0.009808437872427102,0.009808437872427102,3978.1199614838943,3978.1199614838943,405581.3997320561
2021-05-05,0.009701267367841205,0.009701267367841205,3934.227788518664,3934.227788518664,405537.50755909085
2021-05-06,0.009794817842124957,0.009794817842124957,3972.541288443324,3972.541288443324,405575.8210590155
2021-05-07,0.009811864019179772,0.009811864019179772,3979.523312367571,3979.523312367571,405582.80308293976
2021-05-10,0.009603230871367878,0.009603230871367878,3894.0848097965127,3894.0848097965127,405497.36458036874
2021-05-11,0.009391548654870071,0.009391548654870071,3807.434447787349,3807.434447787349,405410.71421835956
2021-05-12,0.009399479989847486,0.009399479989847486,3810.6804062872156,3810.6804062872156,405413.9601768594
2021-05-13,0.009384114109327678,0.009384114109327678,3804.39185129646,3804.39185129646,405407.6716218687
2021-05-14,0.009381873641126462,0.009381873641126462,3803.4749460101243,3803.4749460101243,405406.7547165823
2021-05-17,0.009388048728870144,0.009388048728870144,3806.0020932740395,3806.0020932740395,405409.28186384623
2021-05-18,0.009422583649766005,0.009422583649766005,3820.136049135058,3820.136049135058,405423.41581970727
2021-05-19,0.009538763144223514,0.009538763144223514,3867.6915573553442,3867.6915573553442,405470.97132792755
2021-05-20,0.009422943348561513,0.009422943348561513,3820.2832666719087,3820.2832666719087,405423.56303724414
2021-05-21,0.009301783380188486,0.009301783380188486,3770.7009566896922,3770.7009566896922,405373.9807272619
2021-05-24,0.00919075712943044,0.00919075712943044,3725.276316620109,3725.276316620109,405328.5560871923
2021-05-25,0.009231524225841335,0.009231524225841335,3741.95434860047,3741.95434860047,405345.2341191727
2021-05-26,0.009378456798170415,0.009378456798170415,3802.076620662071,3802.076620662071,405405.35639123427
2021-05-27,0.009339738369291938,0.009339738369291938,3786.231977380882,3786.231977380882,405389.5117479531
2021-05-28,0.00907501493033044,0.00907501493033044,3677.933057396243,3677.933057396243,405281.21282796847
2021-05-31,0.008901785826679255,0.008901785826679255,3607.0959796769434,3607.0959796769434,405210.37575024914
2021-06-01,0.008822763994842407,0.008822763994842407,3574.790489792876,3574.790489792876,405178.0702603651
2021-06-02,0.008773120309833307,0.008773120309833307,3554.4979282161685,3554.4979282161685,405157.7776987884
2021-06-03,0.008739264458776085,0.008739264458776085,3540.6600338210515,3540.6600338210515,405143.9398043933
2021-06-04,0.008751947149459207,0.008751947149459207,3545.8437164077704,3545.8437164077704,405149.12348698
2021-06-07,0.008728200385152922,0.008728200385152922,3536.1380224214377,3536.1380224214377,405139.41779299366
2021-06-08,0.008846587976892173,0.008846587976892173,3584.5296027856252,3584.5296027856252,405187.80937335786
2021-06-09,0.008784443167764682,0.008784443167764682,3559.126128333745,3559.126128333745,405162.40589890594
2021-06-10,0.008703421774701488,0.008703421774701488,3526.011091659722,3526.011091659722,405129.2908622319
2021-06-11,0.00876182176846261,0.00876182176846261,3549.879772848953,3549.879772848953,405153.1595434212
2021-06-14,0.008611749828722742,0.008611749828722742,3488.5494912625877,3488.5494912625877,405091.8292618348
2021-06-15,0.008660347161609122,0.008660347161609122,3508.407854054618,3508.407854054618,405111.6876246268
2021-06-16,0.008679518965757659,0.008679518965757659,3516.242577619816,3516.242577619816,405119.522348192
2021-06-17,0.008672902182623475,0.008672902182623475,3513.538537723495,3513.538537723495,405116.8183082957
2021-06-18,0.00884707656590975,0.00884707656590975,3584.729340191464,3584.729340191464,405188.00911076367
2021-06-21,0.008790552894764322,0.008790552894764322,3561.6235134200037,3561.6235134200037,405164.9032839922
2021-06-22,0.0,0.0,0.0,0.0,405257.7095212009
2021-06-23,0.0,0.0,0.0,0.0,405257.7095212009
2021-06-24,0.0,0.0,0.0,0.0,405257.7095212009
2021-06-25,0.0,0.0,0.0,0.0,405257.7095212009
2021-06-28,0.0,0.0,0.0,0.0,405257.7095212009
2021-06-29,0.0,0.0,0.0,0.0,405257.7095212009
2021-06-30,0.0,0.0,0.0,0.0,405257.7095212009
2021-07-01,0.0,0.0,0.0,0.0,405257.7095212009
2021-07-02,0.0,0.0,0.0,0.0,405257.7095212009
2021-07-05,0.0,0.0,0.0,0.0,405257.7095212009
2021-07-06,0.009365344460729631,-0.009365344460729631,3795.3780450323566,-3795.3780450323566,405257.7095212009
2021-07-07,0.009539338108675485,-0.009539338108675485,3865.2240278247427,-3865.2240278247427,405187.86353840854
2021-07-08,0.009610415580780369,-0.009610415580780369,3893.749614153328,-3893.749614153328,405159.33795207995
2021-07-09,0.009780366227710507,-0.009780366227710507,3961.939780943732,-3961.939780943732,405091.14778528956
2021-07-12,0.00956966951135639,-0.00956966951135639,3877.397448462813,-3877.397448462813,405175.69011777046
2021-07-13,0.009542513241282621,-0.009542513241282621,3866.4983923816208,-3866.4983923816208,405186.58917385165
2021-07-14,0.009452351215175092,-0.009452351215175092,3830.308032541916,-3830.308032541916,405222.77953369136
2021-07-15,0.00947557306439317,-0.00947557306439317,3839.629726436397,-3839.629726436397,405213.4578397969
2021-07-16,0.009419711877516253,-0.009419711877516253,3817.205253814074,-3817.205253814074,405235.88231241924
2021-07-19,0.009410266275409024,-0.009410266275409024,3813.413240762712,-3813.413240762712,405239.6743254706
2021-07-20,0.00963702030359328,-0.00963702030359328,3904.42587865682,-3904.42587865682,405148.6616875765
2021-07-21,0.009626939258447572,-0.009626939258447572,3900.3805013096226,-3900.3805013096226,405152.70706492366
2021-07-22,0.009685098352676063,-0.009685098352676063,3923.7177918228344,-3923.7177918228344,405129.36977441044
2021-07-23,0.009667637101542463,-0.009667637101542463,3916.711460821144,-3916.711460821144,405136.37610541214
2021-07-26,0.009686284875439478,-0.009686284875439478,3924.193875559502,-3924.193875559502,405128.8936906738
2021-07-27,0.009696776842619773,-0.009696776842619773,3928.4036533401973,-3928.4036533401973,405124.6839128931
2021-07-28,0.009759444656568628,-0.009759444656568628,3953.546550940107,-3953.546550940107,405099.5410152932
2021-07-29,0.00990823801342498,-0.00990823801342498,4013.231300801343,-4013.231300801343,405039.85626543197
2021-07-30,0.01011827522032487,-0.01011827522032487,4097.452566944229,-4097.452566944229,404955.63499928906
2021-08-02,0.010166586233804288,-0.010166586233804288,4116.819488606088,-4116.819488606088,404936.26807762723
2021-08-03,0.010249854112628215,-0.010249854112628215,4150.195572714823,-4150.195572714823,404902.89199351845
2021-08-04,0.010118067022693716,-0.010118067022693716,4097.369100657781,-4097.369100657781,404955.71846557554
2021-08-05,0.010117509810386493,-0.010117509810386493,4097.145714459622,-4097.145714459622,404955.94185177365
2021-08-06,0.010243835329595882,-0.010243835329595882,4147.78326137884,-4147.78326137884,404905.3043048545
2021-08-09,0.010362412588481161,-0.010362412588481161,4195.303399197085,-4195.303399197085,404857.78416703624
2021-08-10,0.010399535517445643,-0.010399535517445643,4210.178214786399,-4210.178214786399,404842.9093514469
2021-08-11,0.01052253977560559,-0.01052253977560559,4259.457077727098,-4259.457077727098,404793.6304885062
2021-08-12,0.010596052721785177,-0.010596052721785177,4288.902643333451,-4288.902643333451,404764.1849228998
2021-08-13,0.010762304636728169,-0.010762304636728169,4355.4789496866615,-4355.4789496866615,404697.6086165466
2021-08-16,0.010811066317673219,-0.010811066317673219,4375.001624425941,-4375.001624425941,404678.08594180737
2021-08-17,0.010775409203748011,-0.010775409203748011,4360.725799665989,-4360.725799665989,404692.36176656734
2021-08-18,0.010830335581867714,-0.010830335581867714,4382.715924914605,-4382.715924914605,404670.3716413187
2021-08-19,0.01046273806032595,-0.01046273806032595,4235.500376974378,-4235.500376974378,404817.5871892589
2021-08-20,0.01052205487937814,-0.01052205487937814,4259.26283861735,-4259.26283861735,404793.8247276159
2021-08-23,0.0,0.0,0.0,0.0,412562.9534647226
2021-08-24,0.0,0.0,0.0,0.0,412562.9534647226
2021-08-25,0.0,0.0,0.0,0.0,412562.9534647226
2021-08-26,0.0,0.0,0.0,0.0,412562.9534647226
2021-08-27,0.0,0.0,0.0,0.0,412562.9534647226
2021-08-30,0.008039013403970901,0.008039013403970901,3316.5991128847286,3316.5991128847286,412562.9534647226
2021-08-31,0.008179339350844942,0.008179339350844942,3374.969833910238,3374.969833910238,412621.3241857481
2021-09-01,0.008140423921008782,0.008140423921008782,3358.7807113998397,3358.7807113998397,412605.13506323774
2021-09-02,0.008368937089885783,0.008368937089885783,3453.8621488767226,3453.8621488767226,412700.2165007146
2021-09-03,0.00837704869127534,0.00837704869127534,3457.2380889406554,3457.2380889406554,412703.59244077856
2021-09-06,0.008426171882163642,0.008426171882163642,3477.683684393934,3477.683684393934,412724.0380362318
2021-09-07,0.0,0.0,0.0,0.0,412795.7202135249
2021-09-08,0.0,0.0,0.0,0.0,412795.7202135249
2021-09-09,0.0,0.0,0.0,0.0,412795.7202135249
2021-09-10,0.0,0.0,0.0,0.0,412795.7202135249
2021-09-13,0.0,0.0,0.0,0.0,412795.7202135249
2021-09-14,0.0,0.0,0.0,0.0,412795.7202135249
2021-09-15,0.0,0.0,0.0,0.0,412795.7202135249
2021-09-16,0.0,0.0,0.0,0.0,412795.7202135249
2021-09-17,0.0,0.0,0.0,0.0,412795.7202135249
2021-09-20,0.0,0.0,0.0,0.0,412795.7202135249
2021-09-21,0.0,0.0,0.0,0.0,412795.7202135249
2021-09-22,0.0,0.0,0.0,0.0,412795.7202135249
2021-09-23,0.0,0.0,0.0,0.0,412795.7202135249
2021-09-24,0.0,0.0,0.0,0.0,412795.7202135249
2021-09-27,0.0,0.0,0.0,0.0,412795.7202135249
2021-09-28,0.0,0.0,0.0,0.0,412795.7202135249
2021-09-29,0.0,0.0,0.0,0.0,412795.7202135249
2021-09-30,0.0,0.0,0.0,0.0,412795.7202135249
2021-10-01,0.010029475941740473,0.010029475941740473,4140.12474473498,4140.12474473498,412795.7202135249
2021-10-04,0.010092478677104276,0.010092478677104276,4166.397158025837,4166.397158025837,412821.99262681574
2021-10-05,0.010158232618383063,0.010158232618383063,4193.820402787048,4193.820402787048,412849.415871577
2021-10-06,0.009985068379641599,0.009985068379641599,4121.608608266685,4121.608608266685,412777.2040770566
2021-10-07,0.010022244215472162,0.010022244215472162,4137.109297533392,4137.109297533392,412792.7047663233
2021-10-08,0.01012021665379286,0.01012021665379286,4177.965074656388,4177.965074656388,412833.56054344634
2021-10-11,0.0,0.0,0.0,0.0,412856.571728954
2021-10-12,0.0,0.0,0.0,0.0,412856.571728954
2021-10-13,0.0,0.0,0.0,0.0,412856.571728954
2021-10-14,0.0,0.0,0.0,0.0,412856.571728954
2021-10-15,0.0,0.0,0.0,0.0,412856.571728954
2021-10-18,0.0,0.0,0.0,0.0,412856.571728954
2021-10-19,0.0,0.0,0.0,0.0,412856.571728954
2021-10-20,0.012833784097961638,-0.012833784097961638,5298.512104994008,-5298.512104994008,412856.571728954
2021-10-21,0.013130083121735334,-0.013130083121735334,5419.255730318917,-5419.255730318917,412735.8281036291
2021-10-22,0.01335520089335851,-0.01335520089335851,5510.945366696984,-5510.945366696984,412644.13846725103
2021-10-25,0.013350914020297517,-0.013350914020297517,5509.199719639782,-5509.199719639782,412645.8841143082
2021-10-26,0.013421897788713204,-0.013421897788713204,5538.102943400359,-5538.102943400359,412616.9808905476
2021-10-27,0.013561393595976943,-0.013561393595976943,5594.891154951951,-5594.891154951951,412560.19267899607
2021-10-28,0.013595168987261949,-0.013595168987261949,5608.638637539376,-5608.638637539376,412546.44519640866
2021-10-29,0.013630618904369547,-0.013630618904369547,5623.066711250344,-5623.066711250344,412532.01712269767
2021-11-01,0.01378185512722341,-0.01378185512722341,5684.608337548334,-5684.608337548334,412470.4754963997
