,forecast_vol,realised_vol,leverage,actual_risk,target_risk,utilisation
2018-03-13,,,0.06853349117273098,,0.1,
2018-03-14,,,0.06887033008870243,,0.1,
2018-03-15,,,0.0682882563869642,,0.1,
2018-03-16,,,0.06820674636801975,,0.1,
2018-03-19,,,0.06805957762366378,,0.1,
2018-03-20,,,0.06783946377348049,,0.1,
2018-03-21,,,0.06777785630512176,,0.1,
2018-03-22,,,0.06848884043878961,,0.1,
2018-03-23,,,0.06816801932706404,,0.1,
2018-03-26,,,0.06865111424185057,,0.1,
2018-03-27,,,0.06797262423833896,,0.1,
2018-03-28,,,0.0,,0.1,
2018-03-29,,,0.0,,0.1,
2018-03-30,,,0.0,,0.1,
2018-04-02,,,0.0,,0.1,
2018-04-03,,,0.07133527833286522,,0.1,
2018-04-04,,,0.07123658462874224,,0.1,
2018-04-05,,,0.0710861075372258,,0.1,
2018-04-06,,,0.07154051549136922,,0.1,
2018-04-09,,,0.07151385695456688,,0.1,
2018-04-10,,,0.07099069040554562,,0.1,
2018-04-11,,0.08308250199036263,0.0,0.0,0.1,0.0
2018-04-12,,0.08267844468234559,0.0,0.0,0.1,0.0
2018-04-13,,0.07941997883703016,0.0,0.0,0.1,0.0
2018-04-16,,0.07951473650680684,0.0,0.0,0.1,0.0
2018-04-17,,0.08080202471937127,0.0,0.0,0.1,0.0
2018-04-18,,0.08022995041171567,0.0,0.0,0.1,0.0
2018-04-19,,0.08017982239146011,0.0,0.0,0.1,0.0
2018-04-20,,0.07452889186616828,0.0,0.0,0.1,0.0
2018-04-23,,0.07270507693308806,0.0,0.0,0.1,0.0
2018-04-24,,0.07021429526406649,0.0,0.0,0.1,0.0
2018-04-25,,0.06231790896853433,0.0,0.0,0.1,0.0
2018-04-26,,0.062385558903637534,0.0,0.0,0.1,0.0
2018-04-27,,0.06268969631096086,0.0,0.0,0.1,0.0
2018-04-30,,0.06542713048389896,0.0,0.0,0.1,0.0
2018-05-01,,0.06427464785119098,0.0,0.0,0.1,0.0
2018-05-02,,0.06123504042906737,0.0,0.0,0.1,0.0
2018-05-03,,0.06130029443931472,0.0,0.0,0.1,0.0
2018-05-04,,0.062479896654441744,0.0,0.0,0.1,0.0
2018-05-07,,0.0600394314840515,0.0,0.0,0.1,0.0
2018-05-08,,0.06242088391043839,0.05308038637478515,0.003313324635821679,0.1,0.03313324635821679
2018-05-09,,0.05708296379412035,0.05309207525876461,0.003030653009750773,0.1,0.03030653009750773
2018-05-10,,0.052783024953103976,0.05299489567604671,0.0027972309008559154,0.1,0.027972309008559154
2018-05-11,,0.049107148140302474,0.053012850292044736,0.002603309892631118,0.1,0.02603309892631118
2018-05-14,,0.05925912605433302,0.0,0.0,0.1,0.0
2018-05-15,,0.06530802408980481,0.05314029502709104,0.0034704876677685965,0.1,0.034704876677685965
2018-05-16,,0.06669859135323464,0.052782370119625444,0.00352050973526408,0.1,0.035205097352640796
2018-05-17,,0.06836457962368796,0.052523814723385305,0.0035907685137967086,0.1,0.035907685137967084
2018-05-18,,0.0692615711333146,0.05268322354194713,0.0036489228348828857,0.1,0.03648922834882885
2018-05-21,,0.06747684489402204,0.052452486017171084,0.0035393282632865133,0.1,0.03539328263286513
2018-05-22,,0.06747222831464159,0.05237952412831082,0.0035341632109976654,0.1,0.03534163210997665
2018-05-23,,0.07402571495550915,0.05280780829675297,0.003909135764400606,0.1,0.039091357644006064
2018-05-24,,0.0736480643356678,0.05274094350477366,0.003884268400363391,0.1,0.03884268400363391
2018-05-25,,0.07671403036522396,0.05300259658430974,0.004066042803804453,0.1,0.04066042803804453
2018-05-28,,0.0779963394126007,0.05276209966074499,0.004115250633260931,0.1,0.04115250633260931
2018-05-29,,0.07536195247025425,0.05274048198150862,0.003974625696348754,0.1,0.03974625696348753
2018-05-30,,0.07510116538050318,0.05249621248244815,0.003942526735494374,0.1,0.039425267354943734
2018-05-31,,0.07501333075152902,0.05243485690176665,0.003933313263681316,0.1,0.03933313263681316
2018-06-01,,0.07842150422607079,0.05272587180896432,0.004134842178889962,0.1,0.04134842178889962
2018-06-04,,0.08241329491361431,0.052250231796221305,0.004306113762326694,0.1,0.04306113762326694
2018-06-05,,0.08236022467229724,0.05241918177575086,0.00431725558818883,0.1,0.0431725558818883
2018-06-06,,0.08041130633766042,0.05252988114797879,0.004223996364871015,0.1,0.042239963648710147
2018-06-07,,0.08029439920175813,0.05239244085590959,0.004206819561238907,0.1,0.042068195612389066
2018-06-08,,0.08319127450036767,0.05200277590775304,0.00432617720532299,0.1,0.0432617720532299
2018-06-11,,0.08355576177141177,0.052063583526369535,0.004350212382095331,0.1,0.04350212382095331
2018-06-12,,0.07906928907282447,0.05194639850829307,0.004107364799944363,0.1,0.04107364799944363
2018-06-13,,0.07651307178188939,0.05205465634811203,0.00398286165774468,0.1,0.039828616577446796
2018-06-14,,0.07345326791026076,0.052100621252140475,0.0038269608911244996,0.1,0.03826960891124499
2018-06-15,,0.08082875172155533,0.0,0.0,0.1,0.0
2018-06-18,,0.0800579345365943,0.0,0.0,0.1,0.0
2018-06-19,,0.0805995959224422,0.0,0.0,0.1,0.0
2018-06-20,,0.08073061251764303,0.0,0.0,0.1,0.0
2018-06-21,,0.07498841375209046,0.0,0.0,0.1,0.0
2018-06-22,,0.08135866360000531,0.04799299762031904,0.003904646148547392,0.1,0.03904646148547392
2018-06-25,,0.0818369927372093,0.04828618558838546,0.003951596219304241,0.1,0.03951596219304241
2018-06-26,,0.08020361773178886,0.0484353041893364,0.0038846866219244477,0.1,0.03884686621924448
2018-06-27,,0.08586266467642852,0.04892434524164245,0.004200774649996967,0.1,0.04200774649996967
2018-06-28,,0.08725338921126077,0.048600497199825204,0.004240558098037138,0.1,0.04240558098037137
2018-06-29,,0.08806064073950731,0.04844590497110341,0.004266177432960649,0.1,0.04266177432960648
2018-07-02,,0.08827215481211431,0.04820478820866534,0.00425514052744049,0.1,0.042551405274404895
2018-07-03,,0.08089518535265583,0.048127097552434606,0.003893250476989546,0.1,0.03893250476989546
2018-07-04,,0.08514783276298227,0.0,0.0,0.1,0.0
2018-07-05,,0.08622386890783967,0.0,0.0,0.1,0.0
2018-07-06,,0.08553339716225343,0.0,0.0,0.1,0.0
2018-07-09,,0.0857182527444855,0.0,0.0,0.1,0.0
2018-07-10,,0.08797252956644436,0.0,0.0,0.1,0.0
2018-07-11,,0.08785406626985524,0.0,0.0,0.1,0.0
2018-07-12,,0.08965392769632773,0.0,0.0,0.1,0.0
2018-07-13,,0.099090391694039,0.0,0.0,0.1,0.0
2018-07-16,,0.111333855833183,0.05321599930783985,0.005924742394957809,0.1,0.05924742394957808
2018-07-17,,0.11119337063406408,0.05340053377614485,0.0059377853442277315,0.1,0.05937785344227731
2018-07-18,,0.11103212180828863,0.053112373469242406,0.00589717952056424,0.1,0.0589717952056424
2018-07-19,,0.1207896412833211,0.05244603370048287,0.006334937597414296,0.1,0.06334937597414295
2018-07-20,,0.12082464164567687,0.05257902833405604,0.006352842256540212,0.1,0.06352842256540212
2018-07-23,,0.1185591562139151,0.05235386442064366,0.006207029990249224,0.1,0.062070299902492236
2018-07-24,,0.11714678594182636,0.05226072320167554,0.006122175754071722,0.1,0.06122175754071722
2018-07-25,,0.11711372672781507,0.0,0.0,0.1,0.0
2018-07-26,,0.11164973372007507,0.0,0.0,0.1,0.0
2018-07-27,,0.11275090441944174,0.0,0.0,0.1,0.0
2018-07-30,,0.11232757792784914,0.0,0.0,0.1,0.0
2018-07-31,,0.11085947159975369,0.0,0.0,0.1,0.0
2018-08-01,,0.11254674924608786,0.0,0.0,0.1,0.0
2018-08-02,,0.114255843973614,0.0,0.0,0.1,0.0
2018-08-03,,0.11336160156232901,0.0,0.0,0.1,0.0
2018-08-06,,0.11336856587740336,0.0,0.0,0.1,0.0
2018-08-07,,0.11613103088484268,0.0,0.0,0.1,0.0
2018-08-08,,0.11396323726183871,0.0,0.0,0.1,0.0
2018-08-09,,0.11546557690198322,0.0,0.0,0.1,0.0
2018-08-10,,0.11491297237776917,0.0,0.0,0.1,0.0
2018-08-13,,0.10912829531467155,0.0,0.0,0.1,0.0
2018-08-14,,0.08795950346973462,0.0,0.0,0.1,0.0
2018-08-15,,0.08692314814141519,0.0,0.0,0.1,0.0
2018-08-16,,0.09984328244781623,0.0,0.0,0.1,0.0
2018-08-17,,0.0917859454755439,0.0,0.0,0.1,0.0
2018-08-20,,0.0937022856071058,0.0,0.0,0.1,0.0
2018-08-21,,0.0940223552128065,0.0,0.0,0.1,0.0
2018-08-22,,0.09627045818747612,0.0,0.0,0.1,0.0
2018-08-23,,0.09590619972139357,0.032217656453817446,0.0030898729944150603,0.1,0.0308987299441506
2018-08-24,,0.09591638452586229,0.032213006751501294,0.0030897551423111963,0.1,0.03089755142311196
2018-08-27,,0.09298153967277764,0.03223148046819204,0.0029969326798655557,0.1,0.029969326798655556
2018-08-28,,0.09362738872432876,0.03212755979129231,0.0030080195293434395,0.1,0.030080195293434395
2018-08-29,,0.09431008233148461,0.03224305094369388,0.0030408447891180227,0.1,0.030408447891180225
2018-08-30,,0.09238180060154962,0.03217888462865329,0.002972743303344518,0.1,0.029727433033445178
2018-08-31,,0.08921238073607357,0.0,0.0,0.1,0.0
2018-09-03,,0.09251826427768528,0.0,0.0,0.1,0.0
2018-09-04,,0.09264961805248183,0.0,0.0,0.1,0.0
2018-09-05,,0.09103458115195526,0.0,0.0,0.1,0.0
2018-09-06,,0.09106523605172254,0.0,0.0,0.1,0.0
2018-09-07,,0.0881692311392898,0.0,0.0,0.1,0.0
2018-09-10,,0.08812171629881531,0.0,0.0,0.1,0.0
2018-09-11,,0.08910990030540006,0.04236631493367181,0.0037752581000466768,0.1,0.037752581000466766
2018-09-12,,0.08639503044081905,0.04245988046247268,0.003668322665068865,0.1,0.03668322665068865
2018-09-13,,0.08527506560897999,0.04238622465867952,0.0036144880886858615,0.1,0.03614488088685861
2018-09-14,,0.07651717764366055,0.04271617415576378,0.003268521086134119,0.1,0.032685210861341185
2018-09-17,,0.07432845873326385,0.04286666518429508,0.003186213154183515,0.1,0.03186213154183515
2018-09-18,,0.07865336608486331,0.04331680058940104,0.003407012174383183,0.1,0.034070121743831824
2018-09-19,,0.07517202029977423,0.043402729400808145,0.0032626708555831573,0.1,0.03262670855583157
2018-09-20,,0.07903556343469346,0.043107298993287226,0.0034070096640822505,0.1,0.0340700966408225
2018-09-21,,0.08445104684791108,0.042775488013254745,0.003612434742149635,0.1,0.036124347421496346
2018-09-24,,0.09082027891778763,0.04325579868554043,0.003928503701432453,0.1,0.03928503701432452
2018-09-25,,0.09671011425190887,0.043761658648120864,0.004232195007712805,0.1,0.042321950077128044
2018-09-26,,0.0953137185199797,0.0437490028322662,0.004169880141484415,0.1,0.04169880141484415
2018-09-27,,0.09596219451052156,0.043680604137065766,0.004191686630538198,0.1,0.04191686630538198
2018-09-28,,0.09847501965557905,0.04411910406765356,0.004344629640248722,0.1,0.04344629640248722
2018-10-01,,0.09768710744556408,0.04385082978794775,0.0042836607210723935,0.1,0.04283660721072393
2018-10-02,,0.09522007287511984,0.043642237448587,0.004155617030287739,0.1,0.041556170302877386
2018-10-03,,0.09545528901291764,0.043855022808446775,0.004186193876848382,0.1,0.04186193876848381
2018-10-04,,0.0923559571809544,0.043783320505953974,0.004043650473887888,0.1,0.04043650473887888
2018-10-05,,0.09246844128813983,0.043818491031261744,0.004051827565259109,0.1,0.040518275652591085
2018-10-08,,0.0925458331487792,0.043810228835669825,0.004054454128035735,0.1,0.040544541280357345
2018-10-09,,0.09257127101017423,0.04393963405721926,0.004067547772398726,0.1,0.04067547772398726
2018-10-10,,0.09313725463656322,0.044365840436838055,0.0041321125779309196,0.1,0.041321125779309194
2018-10-11,,0.09317451258539529,0.044428136380752374,0.004139569952354071,0.1,0.041395699523540705
2018-10-12,,0.09255654726555075,0.044645088699451135,0.0041321952623854545,0.1,0.04132195262385454
2018-10-15,,0.10223459762154723,0.04411204525466612,0.0045097771968742725,0.1,0.04509777196874272
2018-10-16,,0.10204346318906399,0.0441354348406303,0.0045037326204931906,0.1,0.0450373262049319
2018-10-17,,0.09866276406034083,0.04393960234842513,0.004335202619407867,0.1,0.043352026194078665
2018-10-18,,0.1015823206876477,0.0,0.0,0.1,0.0
2018-10-19,,0.10007415688073966,0.0,0.0,0.1,0.0
2018-10-22,,0.0962481346483666,0.03025868256933471,0.0029123417542155105,0.1,0.029123417542155104
2018-10-23,,0.09153701839903927,0.030443956819498998,0.002786749035526037,0.1,0.027867490355260368
2018-10-24,,0.08637245802891179,0.030233371469972115,0.0026113306083626656,0.1,0.026113306083626654
2018-10-25,,0.08651206647609606,0.03026222882211104,0.0026180479515733007,0.1,0.026180479515733004
2018-10-26,,0.08663652598340849,0.030200515153160568,0.0026164677157791173,0.1,0.026164677157791173
2018-10-29,,0.07868066487264735,0.03016638239980654,0.0023735110240193057,0.1,0.023735110240193057
2018-10-30,,0.08088380295209226,0.030366449801399138,0.002456153942090969,0.1,0.02456153942090969
2018-10-31,,0.0806678203593392,0.030485296649087276,0.0024591824336897376,0.1,0.024591824336897376
2018-11-01,,0.08481965669388937,0.0,0.0,0.1,0.0
2018-11-02,,0.08456764833426868,0.0,0.0,0.1,0.0
2018-11-05,,0.08553009708450653,0.0,0.0,0.1,0.0
2018-11-06,,0.08555779291430794,0.0,0.0,0.1,0.0
2018-11-07,,0.08535545315864376,0.0,0.0,0.1,0.0
2018-11-08,,0.07900643579436092,0.0,0.0,0.1,0.0
2018-11-09,,0.08098615180774417,0.0,0.0,0.1,0.0
2018-11-12,,0.0790786047731393,0.0,0.0,0.1,0.0
2018-11-13,,0.06916310187822362,0.0,0.0,0.1,0.0
2018-11-14,,0.08862236328637209,0.0488486130008258,0.004329079527394582,0.1,0.043290795273945824
2018-11-15,,0.09501119234434391,0.049470669678401566,0.0047002673122181135,0.1,0.047002673122181135
2018-11-16,,0.09298089357360832,0.04924694321998023,0.004579024786362513,0.1,0.04579024786362513
2018-11-19,,0.09088103346015938,0.04919920683017274,0.004471274762146231,0.1,0.0447127476214623
2018-11-20,,0.0964781315016454,0.0487890473115184,0.004707076122360671,0.1,0.04707076122360671
2018-11-21,,0.09576310779807129,0.04864883728570053,0.00465876384924137,0.1,0.046587638492413694
2018-11-22,,0.09121691948447294,0.048786457593657996,0.004450150374253355,0.1,0.044501503742533546
2018-11-23,,0.09401376793369352,0.04919940596170244,0.004625421534559071,0.1,0.0462542153455907
2018-11-26,,0.09490888219410129,0.04901525187185068,0.004651982765619679,0.1,0.046519827656196784
2018-11-27,,0.09588960193356463,0.04885485296503044,0.004684672403339599,0.1,0.04684672403339599
2018-11-28,,0.104862898112847,0.0,0.0,0.1,0.0
2018-11-29,,0.10418987219409129,0.0,0.0,0.1,0.0
2018-11-30,,0.10159897830257596,0.0,0.0,0.1,0.0
2018-12-03,,0.1018806418455131,0.0,0.0,0.1,0.0
2018-12-04,,0.10236255200244038,0.026643565933787482,0.00272730340342777,0.1,0.027273034034277697
2018-12-05,,0.10237913054503943,0.026649646104430116,0.0027283675975045526,0.1,0.027283675975045524
2018-12-06,,0.1069318376777329,0.02639799366898317,0.002822785974029529,0.1,0.028227859740295288
2018-12-07,,0.10918115609329822,0.026193103776654833,0.0028597933520069104,0.1,0.0285979335200691
2018-12-10,,0.11943751716220209,0.026541610249978823,0.0031700640297443244,0.1,0.03170064029744324
2018-12-11,,0.12130846854193467,0.026363285313096736,0.0031980897670658434,0.1,0.03198089767065843
2018-12-12,,0.12195964807110762,0.02621531000455909,0.0031972099822310134,0.1,0.031972099822310134
2018-12-13,,0.11538501977948969,0.026518785758132865,0.00305987061923021,0.1,0.0305987061923021
2018-12-14,,0.12594834066777927,0.0,0.0,0.1,0.0
2018-12-17,,0.12673387914469053,0.0,0.0,0.1,0.0
2018-12-18,,0.1267319240932695,0.0,0.0,0.1,0.0
2018-12-19,,0.12499230774663057,0.0,0.0,0.1,0.0
2018-12-20,,0.13126812996164372,0.0,0.0,0.1,0.0
2018-12-21,,0.1320065011637814,0.0,0.0,0.1,0.0
2018-12-24,,0.12838172266243272,0.0,0.0,0.1,0.0
2018-12-25,,0.1297554541060835,0.0,0.0,0.1,0.0
2018-12-26,,0.12999835103518656,0.02710110338254106,0.0035230987509644544,0.1,0.03523098750964454
2018-12-27,,0.12264471153266678,0.027060579849316656,0.0033188370095261367,0.1,0.03318837009526136
2018-12-28,,0.12263557568006582,0.027060498199952793,0.0033185797749405955,0.1,0.03318579774940595
2018-12-31,,0.12395680859807374,0.02685427010842078,0.0033287696198704875,0.1,0.03328769619870487
2019-01-01,,0.12362174363372551,0.026836929744473464,0.003317628048787601,0.1,0.033176280487876006
2019-01-02,,0.12244410849998102,0.026814939433926488,0.0032833313534681146,0.1,0.03283331353468114
2019-01-03,,0.1225589859887025,0.02687539180273438,0.003293820767392213,0.1,0.03293820767392213
2019-01-04,,0.11725140927989293,0.026805608623360032,0.0031429953876942144,0.1,0.03142995387694214
2019-01-07,,0.1127955686504074,0.026905691361154328,0.003034842757013756,0.1,0.03034842757013756
2019-01-08,,0.10600749939691341,0.027096370801682448,0.002872418511417894,0.1,0.02872418511417894
2019-01-09,,0.10173271419260277,0.027144633465892687,0.002761497238248621,0.1,0.027614972382486207
2019-01-10,,0.09809071781644531,0.027225908181007116,0.0026706088766796188,0.1,0.026706088766796185
2019-01-11,,0.09150384059634807,0.027257220000234686,0.0024941403140010653,0.1,0.024941403140010653
2019-01-14,,0.06861011916232161,0.02727964378246723,0.0018716596106207624,0.1,0.018716596106207625
2019-01-15,,0.06572369661581381,0.027180921773601555,0.0017864306563863566,0.1,0.017864306563863563
2019-01-16,,0.06545799565725113,0.027256383472517923,0.0017841482309764497,0.1,0.017841482309764498
2019-01-17,,0.06519579828691506,0.027262439861889688,0.0017773965300449126,0.1,0.017773965300449123
2019-01-18,,0.06979248768276086,0.027639216322032305,0.0019290096647166027,0.1,0.019290096647166025
2019-01-21,,0.07287426416140064,0.02793164564579128,0.0020354981232540295,0.1,0.020354981232540294
2019-01-22,,0.07244223147667903,0.028021232507622264,0.002029920611579015,0.1,0.02029920611579015
2019-01-23,,0.07388569174342026,0.027912608795814847,0.002062342409242257,0.1,0.020623424092422567
2019-01-24,,0.07780522905211629,0.027744581735867985,0.002158673536914371,0.1,0.021586735369143708
2019-01-25,,0.08069593675117794,0.02797213430471216,0.002257237580648507,0.1,0.022572375806485072
2019-01-28,,0.08054522109667808,0.028040555234705777,0.002258532721052991,0.1,0.02258532721052991
2019-01-29,,0.07363605115860178,0.028146869281413595,0.0020726243063606486,0.1,0.020726243063606483
2019-01-30,,0.08391734381105692,0.02786852328709413,0.002338652450189524,0.1,0.02338652450189524
2019-01-31,,0.0848417886778181,0.02805145324115271,0.0023799354679915736,0.1,0.023799354679915733
2019-02-01,,0.08498793633712876,0.028153341902775793,0.0023926944293105284,0.1,0.02392694429310528
2019-02-04,,0.08802996933566029,0.02798416812597773,0.0024634454620137817,0.1,0.024634454620137816
2019-02-05,,0.08888395969056459,0.027925857520932844,0.002482160794215045,0.1,0.02482160794215045
2019-02-06,,0.0869443397448729,0.02799432931213294,0.00243394847864394,0.1,0.024339484786439398
2019-02-07,,0.08695082788333279,0.028026429953796183,0.0024369212870968145,0.1,0.024369212870968143
2019-02-08,,0.08718046617209103,0.027998985234545984,0.0024409645850932125,0.1,0.024409645850932124
2019-02-11,,0.08726547095857622,0.028004139892161516,0.0024437944564793266,0.1,0.024437944564793264
2019-02-12,,0.08752110698810248,0.02798365417972199,0.0024491603913815094,0.1,0.024491603913815094
2019-02-13,,0.08583423873496894,0.02803304464720335,0.0024061950467160957,0.1,0.024061950467160954
2019-02-14,,0.09036227798973294,0.028311956356156978,0.0025583328706882433,0.1,0.02558332870688243
2019-02-15,,0.10665896199060289,0.0,0.0,0.1,0.0
2019-02-18,,0.09688517883527634,0.0,0.0,0.1,0.0
2019-02-19,,0.09027236466801554,0.0,0.0,0.1,0.0
2019-02-20,,0.09005627384470559,0.0,0.0,0.1,0.0
2019-02-21,,0.08919010667775724,0.0,0.0,0.1,0.0
2019-02-22,,0.09334840232349888,0.041239244010727635,0.0038496175414303446,0.1,0.038496175414303446
2019-02-25,,0.08935638548639578,0.041348824777447044,0.0036947815262229912,0.1,0.03694781526222991
2019-02-26,,0.09755001568164996,0.0,0.0,0.1,0.0
2019-02-27,,0.10083091365128993,0.0,0.0,0.1,0.0
2019-02-28,,0.09744260905514966,0.0,0.0,0.1,0.0
2019-03-01,,0.09493290450120434,0.0,0.0,0.1,0.0
2019-03-04,,0.09403409453367366,0.0,0.0,0.1,0.0
2019-03-05,,0.09378279640267616,0.0,0.0,0.1,0.0
2019-03-06,,0.09363002245819717,0.0,0.0,0.1,0.0
2019-03-07,,0.0981723196777594,0.0,0.0,0.1,0.0
2019-03-08,,0.09920813134598437,0.0,0.0,0.1,0.0
2019-03-11,,0.10606821183682698,0.047233344471799873,0.005009956387196689,0.1,0.05009956387196689
2019-03-12,,0.10879898390370599,0.047624034703343934,0.0051814465851186525,0.1,0.05181446585118652
2019-03-13,,0.10884097833541316,0.047795712793053134,0.005202132140634326,0.1,0.05202132140634326
2019-03-14,,0.1141177677615286,0.048363291900467106,0.005519110913280522,0.1,0.05519110913280522
2019-03-15,,0.11074948332883036,0.04853772982227147,0.005375528499770926,0.1,0.053755284997709256
2019-03-18,,0.09467558205842894,0.048832211635877386,0.0046232180598270774,0.1,0.04623218059827077
2019-03-19,,0.0948325308330008,0.04878207554218182,0.004626127682951732,0.1,0.04626127682951732
2019-03-20,,0.09491491845272403,0.04884347296503661,0.004635974253424281,0.1,0.046359742534242805
2019-03-21,,0.09704022484286687,0.04867040732985186,0.00472298727048274,0.1,0.0472298727048274
2019-03-22,,0.0973459273462409,0.04901555883614059,0.004771465029298338,0.1,0.04771465029298338
2019-03-25,,0.09243979745956352,0.048694283572005524,0.004501289710834742,0.1,0.04501289710834742
2019-03-26,,0.09293713583359123,0.048975689797891686,0.004551660335290488,0.1,0.045516603352904875
2019-03-27,,0.08841128116222728,0.048958025182589425,0.004328441729565318,0.1,0.043284417295653174
2019-03-28,,0.08122569257882283,0.049361737546090405,0.004009441319075276,0.1,0.040094413190752756
2019-03-29,,0.08095383879133876,0.04963734130367679,0.004018333325928511,0.1,0.04018333325928511
2019-04-01,,0.0847251344188988,0.05025212398716187,0.004257617959647458,0.1,0.04257617959647458
2019-04-02,,0.08404003961035977,0.05052653848847538,0.004246252295945839,0.1,0.04246252295945838
2019-04-03,,0.08897942531819036,0.05007051367502245,0.00445524553219009,0.1,0.04455245532190089
2019-04-04,,0.08802403631325147,0.0500914589086793,0.00440925239796133,0.1,0.0440925239796133
2019-04-05,,0.09273397740301934,0.04976477062548397,0.004614885114650071,0.1,0.046148851146500705
2019-04-08,,0.0944752421051444,0.04964426305382992,0.004690153771142056,0.1,0.04690153771142056
2019-04-09,,0.09309082935790035,0.05016123970270775,0.0046695514055455035,0.1,0.04669551405545503
2019-04-10,,0.0915028533198652,0.050405504438744274,0.004612247479172231,0.1,0.04612247479172231
2019-04-11,,0.09372646082592292,0.050226162227487735,0.004707520426451079,0.1,0.04707520426451079
2019-04-12,,0.09117142489359957,0.04994833500369107,0.004553860873349371,0.1,0.045538608733493705
2019-04-15,,0.0908982903669869,0.05000063338402959,0.004544972091874781,0.1,0.045449720918747806
2019-04-16,,0.09328376504478887,0.049660629003131354,0.004632530447904533,0.1,0.04632530447904533
2019-04-17,,0.09413383933062057,0.0,0.0,0.1,0.0
2019-04-18,,0.09437878695717936,0.0,0.0,0.1,0.0
2019-04-19,,0.09611757752423167,0.0,0.0,0.1,0.0
2019-04-22,,0.09479245143536463,0.0,0.0,0.1,0.0
2019-04-23,,0.10377327539388798,0.0,0.0,0.1,0.0
2019-04-24,,0.10261797133532644,0.0,0.0,0.1,0.0
2019-04-25,,0.10256262051533048,0.0,0.0,0.1,0.0
2019-04-26,,0.09979198113002337,0.0,0.0,0.1,0.0
2019-04-29,,0.1044219176577279,0.029400643965941414,0.003070071623295709,0.1,0.03070071623295709
2019-04-30,,0.10490277059516691,0.0,0.0,0.1,0.0
2019-05-01,,0.10325214013601577,0.0,0.0,0.1,0.0
2019-05-02,,0.1004204860878345,0.0,0.0,0.1,0.0
2019-05-03,,0.10472769657714392,0.0,0.0,0.1,0.0
2019-05-06,,0.10818251422879907,0.0,0.0,0.1,0.0
2019-05-07,,0.10816434228433246,0.0,0.0,0.1,0.0
2019-05-08,,0.10464043228354698,0.0303826203704045,0.0031792505294660272,0.1,0.03179250529466027
2019-05-09,,0.10389029704199723,0.030300536479139585,0.0031479317353496844,0.1,0.03147931735349684
2019-05-10,,0.10493884157157644,0.030478474807261877,0.003198375839142538,0.1,0.03198375839142538
2019-05-13,,0.10533346409049105,0.03070581693847936,0.0032343500658585074,0.1,0.03234350065858507
2019-05-14,,0.10541532681366268,0.03077543869737295,0.003244202928117411,0.1,0.03244202928117411
2019-05-15,,0.10180613605288023,0.030845513574287636,0.003140262551564891,0.1,0.03140262551564891
2019-05-16,,0.10039333154307797,0.030922626809368286,0.003104425525455782,0.1,0.031044255254557816
2019-05-17,,0.10251718056461663,0.030783319406203907,0.003155819113944073,0.1,0.03155819113944073
2019-05-20,,0.09998168321778651,0.03078061693884031,0.0030774978920271655,0.1,0.030774978920271652
2019-05-21,,0.09926147176493699,0.030776964145324125,0.0030549667575215686,0.1,0.030549667575215683
2019-05-22,,0.08589646910183402,0.030875482686005856,0.002652094944542713,0.1,0.026520949445427128
2019-05-23,,0.08773493353237427,0.031092667883370687,0.0027279131500917153,0.1,0.027279131500917153
2019-05-24,,0.09133777612323916,0.030915222693343118,0.0028237276891646566,0.1,0.028237276891646564
2019-05-27,,0.09120813424043572,0.030916814557408145,0.0028198649724387394,0.1,0.028198649724387393
2019-05-28,,0.09021840069308232,0.031227214539692436,0.0028172693538708183,0.1,0.02817269353870818
2019-05-29,,0.07955921918686827,0.03110953370953132,0.0024750502111978694,0.1,0.024750502111978694
2019-05-30,,0.08065966680194428,0.03097723266886542,0.002498613265516988,0.1,0.024986132655169878
2019-05-31,,0.08005151153599814,0.03104161705128217,0.0024849283654767513,0.1,0.02484928365476751
2019-06-03,,0.0723016706173292,0.03122995568987941,0.0022579779696834472,0.1,0.02257977969683447
2019-06-04,,0.0670292038086049,0.031257940688083824,0.0020951948770188546,0.1,0.020951948770188543
2019-06-05,,0.071250932178681,0.0315420855657737,0.0022474029994210953,0.1,0.022474029994210953
2019-06-06,,0.07129315644716565,0.03173599187413637,0.002262559033688782,0.1,0.02262559033688782
2019-06-07,,0.07038557810764838,0.03192816686257354,0.0022472824825397007,0.1,0.022472824825397007
2019-06-10,,0.0696780322046392,0.03206436432132492,0.002234181809802562,0.1,0.02234181809802562
2019-06-11,,0.080417070615834,0.03255686565067961,0.0026181277640609226,0.1,0.026181277640609225
2019-06-12,,0.08113707944812322,0.03254238113203053,0.002640393763340667,0.1,0.02640393763340667
2019-06-13,,0.09419212593268393,0.03216757911447796,0.003029932662900481,0.1,0.030299326629004808
2019-06-14,,0.09868417003025444,0.03251565893662938,0.003208780815148096,0.1,0.03208780815148096
2019-06-17,,0.0969474056227752,0.03245038708775533,0.003145980839612683,0.1,0.031459808396126825
2019-06-18,,0.09659025878405014,0.032498913385314875,0.0031390784540879946,0.1,0.03139078454087994
2019-06-19,,0.09835338990277162,0.03279075358977363,0.003225081773020714,0.1,0.03225081773020714
2019-06-20,,0.10641468603884907,0.03249367073302654,0.0034578037693047577,0.1,0.03457803769304758
2019-06-21,,0.10955405455576799,0.0322693597390165,0.0035352391973279165,0.1,0.03535239197327916
2019-06-24,,0.11280776620401241,0.031977341303040224,0.003607292441539271,0.1,0.036072924415392706
2019-06-25,,0.11433168808482196,0.0,0.0,0.1,0.0
2019-06-26,,0.1105891613105838,0.0,0.0,0.1,0.0
2019-06-27,,0.10962298271650574,0.0,0.0,0.1,0.0
2019-06-28,,0.10776809086325867,0.0,0.0,0.1,0.0
2019-07-01,,0.11258590925004347,0.0,0.0,0.1,0.0
2019-07-02,,0.12161154505191162,0.02858469164286172,0.0034762285155208795,0.1,0.034762285155208794
2019-07-03,,0.12162774800798959,0.028615977948186478,0.003480496954884212,0.1,0.034804969548842116
2019-07-04,,0.1179541451157881,0.028559585586267082,0.0033687215026893176,0.1,0.033687215026893175
2019-07-05,,0.11669333128642242,0.02865841734676924,0.003344246189591098,0.1,0.03344246189591098
2019-07-08,,0.11617723017952387,0.028798259255403646,0.0033457019942846333,0.1,0.03345701994284633
2019-07-09,,0.11530574323803104,0.02884386818034011,0.0033258636583939102,0.1,0.0332586365839391
2019-07-10,,0.1037529101705307,0.02899441421381607,0.0030082548533732173,0.1,0.03008254853373217
2019-07-11,,0.10427337535425775,0.0,0.0,0.1,0.0
2019-07-12,,0.09808689867643519,0.0,0.0,0.1,0.0
2019-07-15,,0.09103723871861176,0.0,0.0,0.1,0.0
2019-07-16,,0.09400902220127642,0.0,0.0,0.1,0.0
2019-07-17,,0.0941725321919781,0.0,0.0,0.1,0.0
2019-07-18,,0.1092731513580298,0.03298002717669585,0.0036038315014710214,0.1,0.036038315014710214
2019-07-19,,0.11394229972032811,0.032545458300467046,0.0037083043642072567,0.1,0.037083043642072565
2019-07-22,,0.11744783716970328,0.0328842924543881,0.0038621890256238757,0.1,0.03862189025623875
2019-07-23,,0.11828503077433267,0.03255833862624343,0.0038511640863663483,0.1,0.03851164086366348
2019-07-24,,0.1193316404609539,0.0,0.0,0.1,0.0
2019-07-25,,0.1339117486933246,0.02511466176836725,0.0033631482752434425,0.1,0.033631482752434425
2019-07-26,,0.22790488478045004,0.03920851851922339,0.00893581289553575,0.1,0.08935812895535748
2019-07-29,,0.25470701198817486,0.03789606587586148,0.009652393705347715,0.1,0.09652393705347714
2019-07-30,,0.2838992901949261,0.036462403632518264,0.01035165051007283,0.1,0.1035165051007283
2019-07-31,,0.34341147790628207,0.03436755834977181,0.011802214004925522,0.1,0.11802214004925521
2019-08-01,,0.3443755103770394,0.03371138888632198,0.011609376753245986,0.1,0.11609376753245985
2019-08-02,,0.3540543170974863,0.0342277612342283,0.012118486629560516,0.1,0.12118486629560515
2019-08-05,,0.3516776662256155,0.03389473572221896,0.011920021556123967,0.1,0.11920021556123966
2019-08-06,,0.35035372949433385,0.03395847610247401,0.01189747875044598,0.1,0.11897478750445979
2019-08-07,,0.36703575246368036,0.03476240173181311,0.01275904427708077,0.1,0.1275904427708077
2019-08-08,,0.3875432766389652,0.03578982219570408,0.013870104964049123,0.1,0.1387010496404912
2019-08-09,,0.38636315185213826,0.0356270062759367,0.013764962435826814,0.1,0.13764962435826814
2019-08-12,,0.4063942014448912,0.03670189471698749,0.0149154371950246,0.1,0.149154371950246
2019-08-13,,0.40667220750746436,0.03667726621294035,0.01491562481615539,0.1,0.1491562481615539
2019-08-14,,0.4117556466691792,0.0358409100900169,0.014757697111326818,0.1,0.14757697111326817
2019-08-15,,0.41262311026973664,0.03522882396073938,0.014536226913825306,0.1,0.14536226913825306
2019-08-16,,0.4176410208119749,0.033893862429534447,0.01415546730433141,0.1,0.1415546730433141
2019-08-19,,0.42097745236779754,0.033078202217207614,0.013925177298306893,0.1,0.13925177298306893
2019-08-20,,0.41441539117518755,0.03269810508949512,0.01355059801135051,0.1,0.1355059801135051
2019-08-21,,0.42601249485045556,0.033242969848674725,0.014161920521472391,0.1,0.1416192052147239
2019-08-22,,0.4600661302393729,0.03455340646277274,0.01589685199791599,0.1,0.1589685199791599
2019-08-23,,0.46108304782352966,0.03332227151247874,0.015364334509376874,0.1,0.15364334509376873
2019-08-26,,0.4378910387632189,0.03354267949305726,0.014688038766116565,0.1,0.14688038766116565
2019-08-27,,0.4333285768042866,0.032614752477600505,0.014132904273942707,0.1,0.14132904273942706
2019-08-28,,0.4198160036485569,0.03289569145513118,0.013810137723949154,0.1,0.13810137723949154
2019-08-29,,0.36682344663416466,0.03269657689435687,0.01199387102952698,0.1,0.11993871029526978
2019-08-30,,0.396525249911613,0.03118868570784537,0.012367101394718137,0.1,0.12367101394718136
2019-09-02,,0.39959572024637063,0.031805090796703635,0.012709178164410003,0.1,0.1270917816441
2019-09-03,,0.402190998440746,0.03125166908114725,0.012569139990686404,0.1,0.12569139990686404
2019-09-04,,0.40377510556317614,0.030760522827083955,0.012420333351684314,0.1,0.12420333351684314
2019-09-05,,0.3980148037005284,0.029886001693571352,0.01189507109746046,0.1,0.11895071097460459
2019-09-06,,0.37535517321610845,0.029329863378801654,0.01100911594895489,0.1,0.1100911594895489
2019-09-09,,0.3799096682929667,0.02954979720015399,0.011226253652434938,0.1,0.11226253652434938
2019-09-10,,0.3510853033308511,0.029328899768433822,0.010296945671560717,0.1,0.10296945671560716
2019-09-11,,0.353867348210256,0.029477773436256155,0.010431221517030692,0.1,0.10431221517030691
2019-09-12,,0.3550429158155489,0.029651294258380985,0.010527481971200429,0.1,0.10527481971200428
2019-09-13,,0.3785143931366246,0.030527234000758526,0.011554997451936846,0.1,0.11554997451936846
2019-09-16,,0.3596610211024316,0.030186679937090892,0.010856972129866395,0.1,0.10856972129866395
2019-09-17,,0.3730816083191155,0.029039627901650527,0.01083415108253644,0.1,0.10834151082536439
2019-09-18,,0.38657490535228434,0.029714831474898635,0.01148700816496802,0.1,0.1148700816496802
2019-09-19,,0.37883994657693,0.02939112212988993,0.011134531137523527,0.1,0.11134531137523526
2019-09-20,,0.35872095267102344,0.030108808766495406,0.010800660564506894,0.1,0.10800660564506893
2019-09-23,,0.343254867972894,0.030301685050804727,0.010401200901470193,0.1,0.10401200901470192
2019-09-24,,0.34071800293168286,0.030117745641067502,0.010261658147628916,0.1,0.10261658147628916
2019-09-25,,0.3313714829889881,0.0,0.0,0.1,0.0
2019-09-26,,0.3711998072101289,0.020146604111556738,0.007478415562148652,0.1,0.07478415562148652
2019-09-27,,0.4101794484726036,0.021178170122280827,0.008686850140416123,0.1,0.08686850140416122
2019-09-30,,0.36885132112539104,0.021150820208035076,0.007801507976619356,0.1,0.07801507976619355
2019-10-01,,0.36352702821290556,0.021172532664699678,0.007696787879338945,0.1,0.07696787879338944
2019-10-02,,0.3632341181164036,0.02169589553821093,0.007880689482567663,0.1,0.07880689482567663
2019-10-03,,0.36970601347411625,0.02116744111610701,0.007825730270484022,0.1,0.07825730270484021
2019-10-04,,0.3490935957417558,0.021282901952725083,0.007429724770496035,0.1,0.07429724770496035
2019-10-07,,0.3391611063943185,0.021203791046768415,0.007191501231175921,0.1,0.0719150123117592
2019-10-08,,0.3391398153285852,0.021309025993662765,0.007226739140322813,0.1,0.07226739140322812
2019-10-09,,0.35171156980187623,0.020796709248216555,0.007314443256403442,0.1,0.07314443256403441
2019-10-10,,0.38900182734952055,0.0,0.0,0.1,0.0
2019-10-11,,0.4370818392128882,0.0,0.0,0.1,0.0
2019-10-14,,0.43543096985180757,0.014415144031010406,0.006276800145976356,0.1,0.06276800145976355
2019-10-15,,0.4362770034316286,0.014211045339536722,0.006199952276364092,0.1,0.061999522763640916
2019-10-16,,0.4162961585378361,0.014067058192530842,0.005856062287478785,0.1,0.058560622874787846
2019-10-17,,0.43911626167478773,0.014711256390744571,0.006459951910843086,0.1,0.06459951910843086
2019-10-18,,0.44563321616370377,0.015072858963378826,0.0067169666166324166,0.1,0.06716966616632417
2019-10-21,,0.44713933898459124,0.014676473934360466,0.006562428853634522,0.1,0.06562428853634522
2019-10-22,,0.44695179855263234,0.014759024508201284,0.006596572548822944,0.1,0.06596572548822943
2019-10-23,,0.4485473254183217,0.014568635912819743,0.0065347226736886055,0.1,0.06534722673688605
2019-10-24,,0.44861175662134334,0.014424215720216007,0.006470872752131298,0.1,0.06470872752131297
2019-10-25,,0.41354042833107835,0.014447451134439628,0.0059746051304284875,0.1,0.05974605130428487
2019-10-28,,0.37129793034055547,0.01462622101559313,0.0054306855917932665,0.1,0.05430685591793266
2019-10-29,,0.3712514495533025,0.014461665642537399,0.005368914332747201,0.1,0.05368914332747201
2019-10-30,,0.3851849397527625,0.014801854073746937,0.005701451269625396,0.1,0.05701451269625396
2019-10-31,,0.3793834226024218,0.014348763690542832,0.005443683079031497,0.1,0.054436830790314965
2019-11-01,,0.37534167955983794,0.014308631783567585,0.005370625885847536,0.1,0.05370625885847536
2019-11-04,,0.4442534928407703,0.0,0.0,0.1,0.0
2019-11-05,,0.4449453230443066,0.0,0.0,0.1,0.0
2019-11-06,,0.462417245042743,0.023108646766896515,0.010685836774614177,0.1,0.10685836774614177
2019-11-07,,0.4561710363559955,0.023091819568925257,0.010533819264102292,0.1,0.10533819264102291
2019-11-08,,0.43306624085809164,0.023365613413334412,0.010118858366256138,0.1,0.10118858366256138
2019-11-11,,0.3840523505497862,0.023260178389648598,0.008933126184751885,0.1,0.08933126184751884
2019-11-12,,0.3659398898437482,0.02308803179845348,0.008448831813035022,0.1,0.08448831813035021
2019-11-13,,0.37210732179334755,0.02256306016619668,0.00839587988990561,0.1,0.0839587988990561
2019-11-14,,0.3686797153534064,0.022742770777790893,0.008384798256703714,0.1,0.08384798256703714
2019-11-15,,0.3503138622611622,0.022184931876832025,0.0077716891697738,0.1,0.077716891697738
2019-11-18,,0.3431069057610429,0.022496453145416973,0.007718688429322299,0.1,0.07718688429322298
2019-11-19,,0.33636852917325916,0.02305861556519513,0.007756192602436306,0.1,0.07756192602436306
2019-11-20,,0.33641450615918916,0.02320447917345005,0.007806323401817388,0.1,0.07806323401817387
2019-11-21,,0.3347052597369636,0.02296461745647793,0.007686378250530454,0.1,0.07686378250530454
2019-11-22,,0.33135732994951983,0.023161614371159978,0.007674770695347997,0.1,0.07674770695347996
2019-11-25,,0.33537229834771465,0.02290906458915678,0.007683065644261752,0.1,0.07683065644261751
2019-11-26,,0.33906060975993724,0.023391982490284315,0.007931299846649574,0.1,0.07931299846649574
2019-11-27,,0.38255435585236675,0.0,0.0,0.1,0.0
2019-11-28,,0.3772510335207629,0.0,0.0,0.1,0.0
2019-11-29,,0.4061634431845672,0.02703444515963366,0.010980403330621164,0.1,0.10980403330621163
2019-12-02,,0.42926559243769474,0.0259924384092312,0.011157659472638923,0.1,0.11157659472638923
2019-12-03,,0.381978639254273,0.02679141723992297,0.010233749100999246,0.1,0.10233749100999245
2019-12-04,,0.3897398927039877,0.02730137520210123,0.010640435041938243,0.1,0.10640435041938243
2019-12-05,,0.371989105628243,0.02674953882636171,0.009950537023986255,0.1,0.09950537023986254
2019-12-06,,0.39089062878575653,0.02571356134662386,0.010051190163102925,0.1,0.10051190163102924
2019-12-09,,0.45298206184209266,0.023850745268979213,0.010803959768412742,0.1,0.10803959768412741
2019-12-10,,0.45256415996747423,0.023467594516681015,0.010620592198899048,0.1,0.10620592198899048
2019-12-11,,0.5127748886246787,0.02482230535181347,0.012728254862183918,0.1,0.12728254862183916
2019-12-12,,0.5134553246434964,0.025013573295095508,0.012843352396727157,0.1,0.12843352396727156
2019-12-13,,0.511343305582813,0.024602566449451718,0.012580357654083454,0.1,0.12580357654083454
2019-12-16,,0.5113930832103151,0.024810442374344096,0.012687888621627678,0.1,0.12687888621627677
2019-12-17,,0.5192305817791595,0.023813727966935774,0.012364815826602702,0.1,0.12364815826602701
2019-12-18,,0.5043973929666304,0.023572395029877184,0.011889854599049609,0.1,0.11889854599049608
2019-12-19,,0.5019918878901152,0.023560588875734065,0.011827224489532589,0.1,0.11827224489532588
2019-12-20,,0.502487662086898,0.02344234326460183,0.011779488260868314,0.1,0.11779488260868314
2019-12-23,,0.5074975185563123,0.0238293428302352,0.012093332355172017,0.1,0.12093332355172016
2019-12-24,,0.5107894846246259,0.02396033243588171,0.012238685856358726,0.1,0.12238685856358726
2019-12-25,,0.5062351649927674,0.024283015115107866,0.012292916163318497,0.1,0.12292916163318496
2019-12-26,,0.4884595367182007,0.0238087644680646,0.011629618061903593,0.1,0.11629618061903592
2019-12-27,,0.4983472310805771,0.024264921823400423,0.012092356603078268,0.1,0.12092356603078268
2019-12-30,,0.4940197702639698,0.0,0.0,0.1,0.0
2019-12-31,,0.4836552848382127,0.0,0.0,0.1,0.0
2020-01-01,,0.47304961443975174,0.0,0.0,0.1,0.0
2020-01-02,,0.48181880288311707,0.0,0.0,0.1,0.0
2020-01-03,,0.47846376790449296,0.0,0.0,0.1,0.0
2020-01-06,,0.475439578517937,0.014099081934703737,0.006703261572525405,0.1,0.06703261572525404
2020-01-07,,0.3907670604957636,0.013899452038165885,0.005431448015455933,0.1,0.05431448015455932
2020-01-08,,0.3989467636404798,0.01437797334981754,0.005736045935618776,0.1,0.05736045935618776
2020-01-09,,0.3492036862538996,0.01438216189809885,0.0050223039511164995,0.1,0.05022303951116499
2020-01-10,,0.34855923970544195,0.014432667160911681,0.005030639492529075,0.1,0.050306394925290744
2020-01-13,,0.3613437174602988,0.014971420565570168,0.005409828762824693,0.1,0.05409828762824693
2020-01-14,,0.36511810590679095,0.014789531568820733,0.005399925753656516,0.1,0.05399925753656516
2020-01-15,,0.3443638051089593,0.014396778228166176,0.004957729331961125,0.1,0.04957729331961125
2020-01-16,,0.346574975248259,0.014190705002874685,0.0049181432351266385,0.1,0.04918143235126638
2020-01-17,,0.346596414430872,0.01431079176115571,0.004960069112083433,0.1,0.049600691120834324
2020-01-20,,0.3809453837755371,0.0,0.0,0.1,0.0
2020-01-21,,0.3793361201808389,0.0,0.0,0.1,0.0
2020-01-22,,0.38443514102449433,0.0,0.0,0.1,0.0
2020-01-23,,0.3915863824243015,0.0,0.0,0.1,0.0
2020-01-24,,0.44566924186285783,0.014749068583634204,0.00657320621385155,0.1,0.0657320621385155
2020-01-27,,0.44589760776099646,0.014423320266562598,0.006431324002830961,0.1,0.0643132400283096
2020-01-28,,0.4443151839348622,0.013795214417119785,0.00612942323116344,0.1,0.061294232311634396
2020-01-29,,0.44235454087690007,0.013477054495439683,0.005961636253703183,0.1,0.05961636253703183
2020-01-30,,0.43790121007371047,0.013519554759722939,0.005920229388940467,0.1,0.059202293889404664
2020-01-31,,0.41873392679111654,0.01342014901552335,0.005619471695392029,0.1,0.05619471695392028
2020-02-03,,0.41882138977598116,0.013297120270122973,0.005569118391551274,0.1,0.05569118391551273
2020-02-04,,0.39434865620363496,0.013205855886317414,0.005207711522788135,0.1,0.052077115227881346
2020-02-05,,0.3954864538058538,0.013233050239587438,0.00523349211228914,0.1,0.0523349211228914
2020-02-06,,0.3714841851195027,0.012869656160041284,0.004780873731381125,0.1,0.047808737313811245
2020-02-07,,0.38010873661237365,0.013057378264818007,0.00496322355570984,0.1,0.0496322355570984
2020-02-10,,0.3862039088782362,0.013233370022258814,0.005110779230228425,0.1,0.051107792302284245
2020-02-11,,0.35242841834311384,0.013273653758245798,0.004678012799652695,0.1,0.04678012799652695
2020-02-12,,0.35651208369205084,0.013332093716487232,0.004753052510842562,0.1,0.04753052510842561
2020-02-13,,0.354053241541377,0.013363323229136314,0.004731327907040893,0.1,0.04731327907040893
2020-02-14,,0.36400436596756974,0.013579688027561397,0.004943065730509884,0.1,0.04943065730509884
2020-02-17,,0.36038319959513726,0.013570357983499598,0.004890529029745,0.1,0.04890529029745
2020-02-18,,0.3385215391993494,0.013537511823725572,0.004582739339496973,0.1,0.045827393394969725
2020-02-19,,0.33139912988919795,0.013457245098190468,0.0044597193162459955,0.1,0.044597193162459955
2020-02-20,,0.32965308048979514,0.013348048688081909,0.00440022536855397,0.1,0.0440022536855397
2020-02-21,,0.3080871717578246,0.013217565620146247,0.004072162409434314,0.1,0.04072162409434314
2020-02-24,,0.2356925281086381,0.013125146209636384,0.0030934988919447083,0.1,0.03093498891944708
2020-02-25,,0.22787468890935414,0.013117824111429595,0.002989220088559644,0.1,0.029892200885596437
2020-02-26,,0.17454915161671253,0.013152490830984083,0.0022957561161948623,0.1,0.022957561161948623
2020-02-27,,0.15642172155514567,0.013157802276825252,0.0020581660840232213,0.1,0.020581660840232212
2020-02-28,,0.156487368013904,0.013078517106785951,0.002046622719565752,0.1,0.02046622719565752
2020-03-02,,0.1577958309458644,0.013171796631724112,0.0020784545945528444,0.1,0.020784545945528442
2020-03-03,,0.15636318917738928,0.013248907329598525,0.0020716414031717134,0.1,0.02071641403171713
2020-03-04,,0.15447287650828204,0.013232220569581198,0.002044019173975266,0.1,0.02044019173975266
2020-03-05,,0.15535944894737092,0.013164192008018629,0.0020451816162031585,0.1,0.020451816162031584
2020-03-06,,0.11797750451868212,0.013221310479780628,0.0015598172168712185,0.1,0.015598172168712184
2020-03-09,,0.10752976886119699,0.013240944038531785,0.0014237956519673669,0.1,0.014237956519673668
2020-03-10,,0.10479530718742806,0.013090429032450645,0.0013718155316708922,0.1,0.01371815531670892
2020-03-11,,0.10397350143945014,0.013083404959289275,0.0013603274243675725,0.1,0.013603274243675724
2020-03-12,,0.10281732719078765,0.013110500338359565,0.0013479866029240475,0.1,0.013479866029240475
2020-03-13,,0.10441894249727042,0.013017699515098317,0.0013592944171137962,0.1,0.013592944171137962
2020-03-16,,0.08361531309017345,0.013037227180356045,0.0010901118325131898,0.1,0.010901118325131898
2020-03-17,,0.08987677441040827,0.012888316213589433,0.0011583602888587848,0.1,0.011583602888587848
2020-03-18,,0.10080787252647516,0.013025020623090954,0.001313024618627263,0.1,0.01313024618627263
2020-03-19,,0.1075076424827529,0.0,0.0,0.1,0.0
2020-03-20,,0.10440119174644262,0.0,0.0,0.1,0.0
2020-03-23,,0.0995904388765814,0.0,0.0,0.1,0.0
2020-03-24,,0.11754718040811338,0.01320404003313606,0.0015520976758909958,0.1,0.015520976758909958
2020-03-25,,0.12115203382013794,0.013084046405869607,0.001585158832668169,0.1,0.01585158832668169
2020-03-26,,0.12038395351241794,0.013053732914773372,0.0015714599763755977,0.1,0.015714599763755974
2020-03-27,,0.12266412029848493,0.012943692009214866,0.0015877265937248705,0.1,0.015877265937248704
2020-03-30,,0.12431211542686814,0.013016913539371617,0.0016181600584079271,0.1,0.016181600584079272
2020-03-31,,0.13511232926200553,0.013223800681361206,0.0017866985117552083,0.1,0.01786698511755208
2020-04-01,,0.13584640178189708,0.013101533289791495,0.0017797961552439153,0.1,0.01779796155243915
2020-04-02,,0.13697860177313562,0.013015188843585757,0.0017828023696076908,0.1,0.017828023696076906
2020-04-03,,0.13699034598700205,0.013039407220751663,0.001786272906636183,0.1,0.01786272906636183
2020-04-06,,0.14456473178133572,0.013206325094875206,0.0019091688451577573,0.1,0.019091688451577573
2020-04-07,,0.14724920966118277,0.013079490826314329,0.0019259446869454753,0.1,0.01925944686945475
2020-04-08,,0.1431627250305971,0.013105233088421792,0.0018761808810996118,0.1,0.018761808810996115
2020-04-09,,0.15301082199350463,0.0,0.0,0.1,0.0
2020-04-10,,0.1590802399182881,0.0,0.0,0.1,0.0
2020-04-13,,0.16091506830471525,0.0,0.0,0.1,0.0
2020-04-14,,0.16078399707486665,0.0,0.0,0.1,0.0
2020-04-15,,0.15681869001521181,0.0,0.0,0.1,0.0
2020-04-16,,0.153508505431605,0.0,0.0,0.1,0.0
2020-04-17,,0.14854753840319432,0.0,0.0,0.1,0.0
2020-04-20,,0.15482040317363172,0.012976397705611568,0.0020090111245241724,0.1,0.020090111245241724
2020-04-21,,0.15538195472058997,0.013029314951767306,0.0020245204258758135,0.1,0.020245204258758132
2020-04-22,,0.14279868140406535,0.012970033307932942,0.001852103654139632,0.1,0.018521036541396318
2020-04-23,,0.14527076783987902,0.013101205378131088,0.0019032221649090558,0.1,0.019032221649090558
2020-04-24,,0.14598797560789575,0.013036448352713274,0.0019031647041294984,0.1,0.019031647041294984
2020-04-27,,0.14408926781636205,0.012971082524570826,0.0018689937837510194,0.1,0.018689937837510193
2020-04-28,,0.14341690317249103,0.013026623682864282,0.0018682380273898251,0.1,0.01868238027389825
2020-04-29,,0.13276577597321132,0.013105328508608032,0.0017399391088291935,0.1,0.017399391088291933
2020-04-30,,0.1300132869161206,0.0,0.0,0.1,0.0
2020-05-01,,0.13613844041526352,0.0,0.0,0.1,0.0
2020-05-04,,0.13697729651926674,0.0,0.0,0.1,0.0
2020-05-05,,0.13015892662879316,0.0,0.0,0.1,0.0
2020-05-06,,0.12717374978926788,0.0,0.0,0.1,0.0
2020-05-07,,0.13150648118809133,0.014654828431047115,0.0019272049193822033,0.1,0.01927204919382203
2020-05-08,,0.11932108366005495,0.01470647724618206,0.001754792801836384,0.1,0.01754792801836384
2020-05-11,,0.11363314007427536,0.014613267241808071,0.001660551443431196,0.1,0.01660551443431196
2020-05-12,,0.11364474691054766,0.014466244158470818,0.0016440126561356044,0.1,0.016440126561356044
2020-05-13,,0.1164752203671411,0.014547885610665638,0.0016944681823782412,0.1,0.01694468182378241
2020-05-14,,0.11660843386645675,0.014575625834791377,0.0016996409012184888,0.1,0.016996409012184886
2020-05-15,,0.11381401597591129,0.014505244527845738,0.0016509001324267346,0.1,0.016509001324267344
2020-05-18,,0.12233980587886008,0.014672138303354391,0.0017949865518601636,0.1,0.017949865518601636
2020-05-19,,0.11336829527572742,0.014621261773624767,0.0016575875220559986,0.1,0.016575875220559984
2020-05-20,,0.11205903686591093,0.014624962960537488,0.0016388592635574522,0.1,0.01638859263557452
2020-05-21,,0.11170473852126013,0.014655998006586358,0.001637144425093839,0.1,0.016371444250938387
2020-05-22,,0.10539275048653922,0.014584580228512244,0.001537109024974504,0.1,0.01537109024974504
2020-05-25,,0.10591181692932951,0.014638848329228083,0.001550427024301426,0.1,0.015504270243014259
2020-05-26,,0.10553921892040168,0.014577417176159263,0.001538489222648696,0.1,0.01538489222648696
2020-05-27,,0.1040990352691813,0.014530187518084102,0.0015125785029128547,0.1,0.015125785029128546
2020-05-28,,0.10954498885131306,0.0,0.0,0.1,0.0
2020-05-29,,0.11101388479248929,0.0,0.0,0.1,0.0
2020-06-01,,0.12031756934214069,0.017121337030439443,0.0020599976553900587,0.1,0.020599976553900584
2020-06-02,,0.12919656534779658,0.017339565385113345,0.002240212292380188,0.1,0.02240212292380188
2020-06-03,,0.14703327047556256,0.011210899963676399,0.0016483752866337065,0.1,0.016483752866337062
2020-06-04,,0.14724427735662496,0.011174205860179623,0.0016453378669163124,0.1,0.016453378669163122
2020-06-05,,0.1517499345932466,0.0,0.0,0.1,0.0
2020-06-08,,0.15114340986808977,0.0,0.0,0.1,0.0
2020-06-09,,0.14986590798940608,0.0,0.0,0.1,0.0
2020-06-10,,0.14577386538109527,0.0,0.0,0.1,0.0
2020-06-11,,0.14710685765083426,0.01230487253321165,0.0018101311321548266,0.1,0.018101311321548266
2020-06-12,,0.1480547467180419,0.012361349535013342,0.0018301564744995851,0.1,0.01830156474499585
2020-06-15,,0.14819653261469093,0.012412682276477426,0.0018395164738217828,0.1,0.018395164738217826
2020-06-16,,0.1467627073325112,0.012266978694330894,0.0018003350039702355,0.1,0.018003350039702354
2020-06-17,,0.14852396016793076,0.012334938460171273,0.0018320339085323553,0.1,0.018320339085323552
2020-06-18,,0.1603488285744446,0.0,0.0,0.1,0.0
2020-06-19,,0.1602254139161834,0.0,0.0,0.1,0.0
2020-06-22,,0.15958421762458075,0.0,0.0,0.1,0.0
2020-06-23,,0.15896145521013633,0.0,0.0,0.1,0.0
2020-06-24,,0.15933509964172468,0.0,0.0,0.1,0.0
2020-06-25,,0.16615716407901623,0.0,0.0,0.1,0.0
2020-06-26,,0.16113347757711757,0.0,0.0,0.1,0.0
2020-06-29,,0.1591193244741007,0.0,0.0,0.1,0.0
2020-06-30,,0.15252517142392202,0.0,0.0,0.1,0.0
2020-07-01,,0.14633227983204486,0.0,0.0,0.1,0.0
2020-07-02,,0.13576701169354413,0.014723201749369124,0.001998925104073007,0.1,0.019989251040730068
2020-07-03,,0.13875811366653204,0.014591880590686234,0.002024741825610903,0.1,0.02024741825610903
2020-07-06,,0.12819521204299117,0.014661603075726887,0.0018795473151829798,0.1,0.0187954731518298
2020-07-07,,0.12784397007729983,0.014699665741896451,0.0018792636272533193,0.1,0.018792636272533192
2020-07-08,,0.13029006896902137,0.014596336008343895,0.0019017576252221362,0.1,0.01901757625222136
2020-07-09,,0.1300733717362147,0.014617368389340439,0.0019013303923118728,0.1,0.019013303923118726
2020-07-10,,0.12857179936874458,0.014761952281751962,0.0018979707670603945,0.1,0.018979707670603942
2020-07-13,,0.12890612230806592,0.014723201119754297,0.0018979107643093004,0.1,0.018979107643093
2020-07-14,,0.13822545959253763,0.0,0.0,0.1,0.0
2020-07-15,,0.13068732214802353,0.0,0.0,0.1,0.0
2020-07-16,,0.13258797298892808,0.0,0.0,0.1,0.0
2020-07-17,,0.11943412168680571,0.0,0.0,0.1,0.0
2020-07-20,,0.11924343345104917,0.0,0.0,0.1,0.0
2020-07-21,,0.12744463499553915,0.013097301679657166,0.0016691808319903693,0.1,0.016691808319903693
2020-07-22,,0.13386981190789568,0.012931279897609038,0.0017311080076212744,0.1,0.017311080076212744
2020-07-23,,0.13325921679450212,0.012980597522002871,0.0017297842593067575,0.1,0.017297842593067575
2020-07-24,,0.12618853675805344,0.012927129492153947,0.001631255555096785,0.1,0.01631255555096785
2020-07-27,,0.142239921702189,0.01266791957358315,0.0018018838882760946,0.1,0.018018838882760947
2020-07-28,,0.14524308471037048,0.01274669148288082,0.0018513687908250167,0.1,0.018513687908250167
2020-07-29,,0.1331220896358411,0.012774141088250176,0.0017005203549709206,0.1,0.017005203549709205
2020-07-30,,0.13353291827783054,0.012702319940560302,0.001696177850561696,0.1,0.01696177850561696
2020-07-31,,0.12268074487331161,0.012570881261438014,0.0015422050768671707,0.1,0.015422050768671706
2020-08-03,,0.12636099631441733,0.012654150432642461,0.0015989910561812165,0.1,0.015989910561812162
2020-08-04,,0.12505651608248258,0.012689116392253402,0.0015868566881803309,0.1,0.015868566881803308
2020-08-05,,0.1458627800083177,0.012930143777472949,0.001886026717289455,0.1,0.01886026717289455
2020-08-06,,0.14613866118353536,0.012973116882377438,0.001895873932568159,0.1,0.018958739325681588
2020-08-07,,0.14672933595815602,0.0,0.0,0.1,0.0
2020-08-10,,0.140706789618394,0.0,0.0,0.1,0.0
2020-08-11,,0.14398584543741053,0.0,0.0,0.1,0.0
2020-08-12,,0.13930603971909936,0.0,0.0,0.1,0.0
2020-08-13,,0.14443115473647178,0.00923258267813992,0.0013334725774036959,0.1,0.013334725774036958
2020-08-14,,0.14302445723785434,0.009193804333136064,0.0013149388746978188,0.1,0.013149388746978187
2020-08-17,,0.14320366895703984,0.009161542751607606,0.0013119665353369834,0.1,0.013119665353369834
2020-08-18,,0.14369871769305273,0.009126175517715128,0.0013114197193373955,0.1,0.013114197193373955
2020-08-19,,0.1372704019018964,0.00918462646089621,0.0012607773656060151,0.1,0.01260777365606015
2020-08-20,,0.13387349165671442,0.009296414699950165,0.0012445434957711356,0.1,0.012445434957711355
2020-08-21,,0.134804722433164,0.009262037198610427,0.0012485663537243185,0.1,0.012485663537243185
2020-08-24,,0.1344349972865235,0.009230326431410661,0.0012408789087604184,0.1,0.012408789087604184
2020-08-25,,0.10859355098023107,0.009253762760636797,0.001004898958106176,0.1,0.010048989581061759
2020-08-26,,0.10860701806253446,0.009235419023453704,0.001003031320695311,0.1,0.010030313206953108
2020-08-27,,0.11035555103997015,0.009306685633628513,0.0010270444214548482,0.1,0.010270444214548482
2020-08-28,,0.12828777749136422,0.009139015543442352,0.0011724239925272515,0.1,0.011724239925272514
2020-08-31,,0.12425204289299492,0.0,0.0,0.1,0.0
2020-09-01,,0.1259627498696975,0.0,0.0,0.1,0.0
2020-09-02,,0.1431482880226345,0.014356151398001468,0.002055058495217661,0.1,0.02055058495217661
2020-09-03,,0.12793626181444323,0.014247474534230076,0.0018227686322058716,0.1,0.018227686322058716
2020-09-04,,0.1286195063266821,0.014145016202561929,0.0018193250009564347,0.1,0.018193250009564347
2020-09-07,,0.1274878309299722,0.014122598600144136,0.0018004594626270377,0.1,0.018004594626270375
2020-09-08,,0.13278934196274086,0.014247104339999976,0.0018918636101831062,0.1,0.01891863610183106
2020-09-09,,0.12968286989878486,0.014219597246044083,0.0018440381796718543,0.1,0.01844038179671854
2020-09-10,,0.12914527304056891,0.014104464491084935,0.001821524917792173,0.1,0.01821524917792173
2020-09-11,,0.12136933743893978,0.014098130029590027,0.001711080700819362,0.1,0.017110807008193618
2020-09-14,,0.12730989923532524,0.014215269922974243,0.0018097445814968004,0.1,0.018097445814968003
2020-09-15,,0.1287090637310145,0.01410627346595877,0.0018156052505372063,0.1,0.018156052505372063
2020-09-16,,0.1297239363767526,0.014005322226993149,0.0018168255295103785,0.1,0.018168255295103783
2020-09-17,,0.12825977408275263,0.014067161208983651,0.0018042509186499045,0.1,0.018042509186499044
2020-09-18,,0.11672613590480933,0.01404260200153901,0.00163913866968879,0.1,0.0163913866968879
2020-09-21,,0.12040671542202426,0.014114500337522299,0.0016994806254641128,0.1,0.016994806254641125
2020-09-22,,0.12079018419812224,0.014112981226542502,0.0017047096019387098,0.1,0.017047096019387097
2020-09-23,,0.12296371149799956,0.014191297111646347,0.001745014563818876,0.1,0.01745014563818876
2020-09-24,,0.12446179197190262,0.014075916773696446,0.0017519138253016217,0.1,0.017519138253016216
2020-09-25,,0.11896193718882611,0.01407457517120655,0.0016743387274764851,0.1,0.01674338727476485
2020-09-28,,0.1063089393040154,0.014051205228887892,0.0014937687238261068,0.1,0.014937687238261067
2020-09-29,,0.1083420446356335,0.01391708289280077,0.0015078052159696325,0.1,0.015078052159696324
2020-09-30,,0.1130033800054817,0.013746472563118128,0.0015533978627849658,0.1,0.015533978627849658
2020-10-01,,0.1013220925461985,0.01382104769050311,0.0014003774731825792,0.1,0.014003774731825791
2020-10-02,,0.09914065255793308,0.013782831958597929,0.0013664389544717336,0.1,0.013664389544717336
2020-10-05,,0.0998058702265406,0.013672107115213957,0.0013645565484644065,0.1,0.013645565484644065
2020-10-06,,0.09985174316564344,0.01366173507422555,0.0013641480618286324,0.1,0.013641480618286324
2020-10-07,,0.10001213191369474,0.013783871540327045,0.001378554378772611,0.1,0.01378554378772611
2020-10-08,,0.11547477579859866,0.01353802681300979,0.0015633006109877225,0.1,0.015633006109877223
2020-10-09,,0.1185443443158739,0.013379056759115946,0.0015860115110742606,0.1,0.015860115110742604
2020-10-12,,0.11942836259354139,0.013281948852781209,0.0015862414035388254,0.1,0.015862414035388253
2020-10-13,,0.12381359774897238,0.013436019968725359,0.001663561971754922,0.1,0.01663561971754922
2020-10-14,,0.12351513975652721,0.013466019593683126,0.001663257292077905,0.1,0.01663257292077905
2020-10-15,,0.12535035736717282,0.013547812167403058,0.0016982230967273054,0.1,0.016982230967273054
2020-10-16,,0.12589456034719265,0.013426452154323915,0.001690317290991227,0.1,0.016903172909912268
2020-10-19,,0.12799272522518612,0.013308331090310746,0.001703369564447945,0.1,0.017033695644479447
2020-10-20,,0.126885285904757,0.013355455927087746,0.0016946108436969101,0.1,0.0169461084369691
2020-10-21,,0.12704708918071225,0.013361600408748042,0.0016975524387272537,0.1,0.016975524387272536
2020-10-22,,0.12611276643474592,0.013419596702532887,0.0016923824645950164,0.1,0.016923824645950162
2020-10-23,,0.12450908778703307,0.013399733839424024,0.0016683886369357234,0.1,0.016683886369357234
2020-10-26,,0.12530212561267087,0.013429182596365531,0.0016827051245652874,0.1,0.016827051245652872
2020-10-27,,0.12588993254162587,0.013445952070771042,0.001692709999147301,0.1,0.01692709999147301
2020-10-28,,0.12587980343123856,0.0,0.0,0.1,0.0
2020-10-29,,0.12180681990404772,0.0,0.0,0.1,0.0
2020-10-30,,0.12709903649003718,0.0,0.0,0.1,0.0
2020-11-02,,0.13955760038118478,0.009471111633819283,0.0013217656125581415,0.1,0.013217656125581415
2020-11-03,,0.1418722582654048,0.009546590213981026,0.0013543963123919024,0.1,0.013543963123919023
2020-11-04,,0.14672847435370626,0.0,0.0,0.1,0.0
2020-11-05,,0.14428321532323285,0.0,0.0,0.1,0.0
2020-11-06,,0.13979678227054293,0.011785241155192232,0.0016475387917782504,0.1,0.016475387917782504
2020-11-09,,0.13460069102101638,0.011794471878076094,0.001587544065016987,0.1,0.01587544065016987
2020-11-10,,0.1353385404320495,0.011881582221430848,0.001608035995871839,0.1,0.01608035995871839
2020-11-11,,0.1385867054024695,0.0,0.0,0.1,0.0
2020-11-12,,0.13912468017312052,0.0,0.0,0.1,0.0
2020-11-13,,0.13768937396297415,0.0,0.0,0.1,0.0
2020-11-16,,0.13626865103050279,0.0,0.0,0.1,0.0
2020-11-17,,0.13255617976058956,0.0,0.0,0.1,0.0
2020-11-18,,0.13222835928803942,0.0,0.0,0.1,0.0
2020-11-19,,0.13506043024388317,0.0,0.0,0.1,0.0
2020-11-20,,0.14648604918087968,0.0,0.0,0.1,0.0
2020-11-23,,0.15438589622640736,0.009394122879241476,0.0014503200799726936,0.1,0.014503200799726935
2020-11-24,,0.15699849038640445,0.009480702604052503,0.0014884559966386966,0.1,0.014884559966386966
2020-11-25,,0.15971949776475913,0.009410461926317108,0.0015030342526057563,0.1,0.015030342526057562
2020-11-26,,0.1600025566889345,0.009475663620439627,0.0015161304055946658,0.1,0.015161304055946657
2020-11-27,,0.1594656018378363,0.009524737974674671,0.0015188680734791904,0.1,0.015188680734791904
2020-11-30,,0.15175260085045741,0.009558841691923342,0.001450579087867154,0.1,0.014505790878671538
2020-12-01,,0.1368177288521519,0.00965581115795794,0.0013210861528570724,0.1,0.013210861528570724
2020-12-02,,0.13578017393160877,0.00970549385645004,0.0013178136439209469,0.1,0.013178136439209467
2020-12-03,,0.1340586035361249,0.00976368456145444,0.0013089059176758042,0.1,0.013089059176758042
2020-12-04,,0.1285495957955612,0.009814049413038548,0.0012615920851637699,0.1,0.012615920851637699
2020-12-07,,0.11074069299274479,0.009841105940621838,0.00108981089167948,0.1,0.010898108916794798
2020-12-08,,0.1272144820911412,0.00970032891020436,0.0012340223184253716,0.1,0.012340223184253716
2020-12-09,,0.12654963052067003,0.009706883307999768,0.0012284024961346299,0.1,0.012284024961346299
2020-12-10,,0.12176202464957447,0.009663371687630002,0.0011766317016272043,0.1,0.011766317016272043
2020-12-11,,0.12859459561643333,0.009563994405608634,0.001229877993067073,0.1,0.012298779930670729
2020-12-14,,0.13414339126938504,0.009694798985343171,0.001300493213568926,0.1,0.013004932135689259
2020-12-15,,0.13558186234177638,0.009831156293499836,0.0013329264792457834,0.1,0.013329264792457832
2020-12-16,,0.13768681818103892,0.009939709668781967,0.0013685669979378973,0.1,0.013685669979378973
2020-12-17,,0.13609275474308413,0.009960226717319224,0.001355514691825639,0.1,0.01355514691825639
2020-12-18,,0.130836291099532,0.010069520054993546,0.001317458657147711,0.1,0.013174586571477109
2020-12-21,,0.12457244659728157,0.010070500838262244,0.0012545069278823027,0.1,0.012545069278823026
2020-12-22,,0.11894695112810096,0.010087017197018544,0.0011998199415620787,0.1,0.011998199415620787
2020-12-23,,0.1240541576116042,0.00999828471462473,0.0012403287878337494,0.1,0.012403287878337494
2020-12-24,,0.11874358945558308,0.01003040805925095,0.0011910466566596668,0.1,0.011910466566596667
2020-12-25,,0.11819989647665918,0.010035303432332702,0.0011861718268135878,0.1,0.011861718268135878
2020-12-28,,0.12619204134212364,0.00993023328402962,0.001253116409115198,0.1,0.01253116409115198
2020-12-29,,0.126312963002222,0.009926126559502825,0.0012537984568658535,0.1,0.012537984568658534
2020-12-30,,0.12292047051734833,0.009919734548038673,0.0012193384380521095,0.1,0.012193384380521094
2020-12-31,,0.1305363887210456,0.010064861944346281,0.0013138307311908448,0.1,0.013138307311908447
2021-01-01,,0.13110587663430948,0.010137853719851554,0.0013291321991315333,0.1,0.013291321991315332
2021-01-04,,0.13065335502787206,0.010138791431688311,0.0013246671164779203,0.1,0.013246671164779202
2021-01-05,,0.13059364792897687,0.010159195956321188,0.0013267264599612948,0.1,0.013267264599612947
2021-01-06,,0.11751570882338186,0.01016282641409168,0.0011942917497009718,0.1,0.011942917497009717
2021-01-07,,0.1181575809886882,0.010146175110159202,0.0011988475073040482,0.1,0.011988475073040482
2021-01-08,,0.12193171751077696,0.010057814591251655,0.0012263666075162675,0.1,0.012263666075162674
2021-01-11,,0.11439683741437556,0.010045545897644616,0.0011491786807914985,0.1,0.011491786807914985
2021-01-12,,0.1102820260129979,0.0,0.0,0.1,0.0
2021-01-13,,0.10727104619869021,0.010003406722834566,0.001073075904709475,0.1,0.01073075904709475
2021-01-14,,0.1012140235826733,0.010043990416736719,0.0010165926829037348,0.1,0.010165926829037348
2021-01-15,,0.10156926573354728,0.010075161291826727,0.0010233267345578984,0.1,0.010233267345578983
2021-01-18,,0.10503516900285884,0.009933595067239329,0.0010433768366934478,0.1,0.010433768366934477
2021-01-19,,0.10493259264667117,0.009923946961107039,0.0010413454839170151,0.1,0.01041345483917015
2021-01-20,,0.10933713708176399,0.01000251908292192,0.0010936468001323941,0.1,0.01093646800132394
2021-01-21,,0.11015177461427218,0.010086779880314674,0.0011110767039601973,0.1,0.011110767039601973
2021-01-22,,0.11339031083719464,0.0,0.0,0.1,0.0
2021-01-25,,0.1133845710464104,0.0,0.0,0.1,0.0
2021-01-26,,0.11196622812069025,0.0,0.0,0.1,0.0
2021-01-27,,0.11964200166264648,0.0,0.0,0.1,0.0
2021-01-28,,0.12115843461522804,0.0,0.0,0.1,0.0
2021-01-29,,0.11129998227900492,0.0,0.0,0.1,0.0
2021-02-01,,0.12339881979446944,0.0,0.0,0.1,0.0
2021-02-02,,0.13298293692585642,0.012733434574661995,0.0016933295268917953,0.1,0.01693329526891795
2021-02-03,,0.13293580651438539,0.012725870450845528,0.0016917238519807353,0.1,0.01691723851980735
2021-02-04,,0.1419652032328256,0.01254761316617875,0.0017813244532234446,0.1,0.017813244532234446
2021-02-05,,0.14217535093323563,0.012511719092017868,0.0017788580526857047,0.1,0.017788580526857046
2021-02-08,,0.1393999624826273,0.012557495223248739,0.0017505143629966457,0.1,0.017505143629966455
2021-02-09,,0.1394313881827633,0.012539389324248189,0.0017483844604440472,0.1,0.017483844604440472
2021-02-10,,0.13941219438855781,0.012464267014494613,0.0017376708159356122,0.1,0.01737670815935612
2021-02-11,,0.13476316710715847,0.012515287798990945,0.001686599821049598,0.1,0.01686599821049598
2021-02-12,,0.13579715309109083,0.01245149154273435,0.0016908771032411193,0.1,0.01690877103241119
2021-02-15,,0.13757202468866678,0.0,0.0,0.1,0.0
2021-02-16,,0.12802080997600823,0.0,0.0,0.1,0.0
2021-02-17,,0.1289405565808472,0.0,0.0,0.1,0.0
2021-02-18,,0.12686715493466602,0.0,0.0,0.1,0.0
2021-02-19,,0.12441040588528719,0.0,0.0,0.1,0.0
2021-02-22,,0.12892412615800136,0.0,0.0,0.1,0.0
2021-02-23,,0.1296940648931735,0.0,0.0,0.1,0.0
2021-02-24,,0.14165982112520945,0.0,0.0,0.1,0.0
2021-02-25,,0.1427397108677915,0.0,0.0,0.1,0.0
2021-02-26,,0.1654177002004349,0.014462856125218776,0.002392412398563463,0.1,0.023924123985634628
2021-03-01,,0.17787270503995242,0.014161783289741334,0.0025189947019358875,0.1,0.025189947019358873
2021-03-02,,0.16513284860200886,0.01418063379846284,0.0023416884541220943,0.1,0.023416884541220942
2021-03-03,,0.15395099096573653,0.01419981262633861,0.002186075225352607,0.1,0.021860752253526065
2021-03-04,,0.15399482138102596,0.014194055902507031,0.0021858111033788677,0.1,0.021858111033788676
2021-03-05,,0.16260263376828996,0.014413580412895621,0.002343686137167864,0.1,0.02343686137167864
2021-03-08,,0.19105215585816798,0.01397874457028703,0.002670669286343997,0.1,0.02670669286343997
2021-03-09,,0.1921966023824272,0.01405823738047286,0.002701945460012517,0.1,0.02701945460012517
2021-03-10,,0.20822966862166384,0.014334447902676987,0.002984857336648933,0.1,0.02984857336648933
2021-03-11,,0.21088724222851177,0.01415843796771018,0.0029858339372738547,0.1,0.029858339372738546
2021-03-12,,0.20947077779586948,0.014108865715786964,0.002955395075303372,0.1,0.029553950753033718
2021-03-15,,0.2100836131925128,0.01399753977309024,0.0029406537313367035,0.1,0.029406537313367034
2021-03-16,,0.21101328970837907,0.013863853782063897,0.002925457394589256,0.1,0.029254573945892558
2021-03-17,,0.2089735963278637,0.013824055389276434,0.002888862570532682,0.1,0.02888862570532682
2021-03-18,,0.22224381267685162,0.014073409428578975,0.003127728168769743,0.1,0.03127728168769743
2021-03-19,,0.2386575637757205,0.0,0.0,0.1,0.0
2021-03-22,,0.2376695085948599,0.0,0.0,0.1,0.0
2021-03-23,,0.25054792446354834,0.0,0.0,0.1,0.0
2021-03-24,,0.25009342262124773,0.009126362717243474,0.002282443288038371,0.1,0.022824432880383706
2021-03-25,,0.25390881378420327,0.009331679023185505,0.002369395551391964,0.1,0.02369395551391964
2021-03-26,,0.24944773159437375,0.009330552760801006,0.0023274852207034323,0.1,0.023274852207034322
2021-03-29,,0.23211986226042836,0.009354813170086773,0.0021714379445125827,0.1,0.021714379445125827
2021-03-30,,0.21616360404218093,0.009405806406720443,0.0020331930117997265,0.1,0.020331930117997263
2021-03-31,,0.24906411190182864,0.009784984530582987,0.0024370884820827834,0.1,0.02437088482082783
2021-04-01,,0.249552166333086,0.009896437198164318,0.0024696773417812413,0.1,0.02469677341781241
2021-04-02,,0.2528625558726037,0.009821892493766105,0.0024835888394796387,0.1,0.024835888394796387
2021-04-05,,0.2515455495357552,0.009947951209547749,0.002502362853760569,0.1,0.02502362853760569
2021-04-06,,0.21735934074062,0.009914431679053225,0.0021549943335769273,0.1,0.021549943335769272
2021-04-07,,0.2208432165133121,0.009865720817743569,0.0021787775186128335,0.1,0.021787775186128334
2021-04-08,,0.2162714207756791,0.00998503591551196,0.002159477903943955,0.1,0.02159477903943955
2021-04-09,,0.20681025595864574,0.009998892232381004,0.00206787346188163,0.1,0.0206787346188163
2021-04-12,,0.20391698962162805,0.010042848013754909,0.0020479073341924474,0.1,0.020479073341924472
2021-04-13,,0.1980309493245783,0.010054701123282443,0.0019911420086185256,0.1,0.019911420086185256
2021-04-14,,0.18870831899692392,0.010106007923252208,0.001907087766966518,0.1,0.01907087766966518
2021-04-15,,0.18486911551449317,0.010168467541187387,0.0018798356004771455,0.1,0.018798356004771453
2021-04-16,,0.20869353767265056,0.009942557187835467,0.002074947433042024,0.1,0.020749474330420237
2021-04-19,,0.19988904477910555,0.010033334522265137,0.0020055536536048016,0.1,0.020055536536048014
2021-04-20,,0.20578955911897157,0.009924645954686609,0.002042388515426842,0.1,0.020423885154268417
2021-04-21,,0.2068361011943968,0.0,0.0,0.1,0.0
2021-04-22,,0.20699797453989383,0.0,0.0,0.1,0.0
2021-04-23,,0.19531345708959566,0.0,0.0,0.1,0.0
2021-04-26,,0.19798469344027927,0.0,0.0,0.1,0.0
2021-04-27,,0.20046904222436182,0.0,0.0,0.1,0.0
2021-04-28,,0.20888103721754536,0.009858235730881239,0.0020591985046015397,0.1,0.020591985046015397
2021-04-29,,0.15758582392652454,0.009820402456597366,0.0015475562124129616,0.1,0.015475562124129616
2021-04-30,,0.15234843778759874,0.00976205121185014,0.001487233251727904,0.1,0.01487233251727904
2021-05-03,,0.15092392898090362,0.00976631471505679,0.0014739705884603848,0.1,0.014739705884603847
2021-05-04,,0.14394807579784372,0.009808437872427102,0.0014119057583185776,0.1,0.014119057583185775
2021-05-05,,0.1476116839495836,0.009701267367841205,0.0014320204126121846,0.1,0.014320204126121845
2021-05-06,,0.152499781392985,0.009794817842124957,0.001493707579708165,0.1,0.01493707579708165
2021-05-07,,0.1453632282957032,0.009811864019179772,0.0014262842294264252,0.1,0.014262842294264251
2021-05-10,,0.16037182698637464,0.009603230871367878,0.0015400876798132212,0.1,0.015400876798132212
2021-05-11,,0.17181138637289878,0.009391548654870071,0.0016135749945817596,0.1,0.016135749945817596
2021-05-12,,0.17169282859145807,0.009399479989847486,0.0016138233067457244,0.1,0.016138233067457243
2021-05-13,,0.16873594372725598,0.009384114109327678,0.001583437350281664,0.1,0.015834373502816638
2021-05-14,,0.16513891814951792,0.009381873641126462,0.0015493124633111023,0.1,0.015493124633111022
2021-05-17,,0.15317438860706292,0.009388048728870144,0.0014380086242579985,0.1,0.014380086242579984
2021-05-18,,0.14870103376199212,0.009422583649766005,0.0014011479294290495,0.1,0.014011479294290495
2021-05-19,,0.15661625725785241,0.009538763144223514,0.001493925382517431,0.1,0.01493925382517431
2021-05-20,,0.15285613764243652,0.009422943348561513,0.0014403547254846004,0.1,0.014403547254846003
2021-05-21,,0.15661780852916737,0.009301783380188486,0.0014568249284181516,0.1,0.014568249284181515
2021-05-24,,0.1582868539899375,0.00919075712943044,0.0014547760318031331,0.1,0.01454776031803133
2021-05-25,,0.16034543853565927,0.009231524225841335,0.0014802328003450914,0.1,0.014802328003450913
2021-05-26,,0.16673334690195463,0.009378456798170415,0.0015637014907343425,0.1,0.015637014907343424
2021-05-27,,0.16103319908315358,0.009339738369291938,0.0015040079482067567,0.1,0.015040079482067566
2021-05-28,,0.18527957505618664,0.00907501493033044,0.0016814149099201733,0.1,0.01681414909920173
2021-05-31,,0.19299035835535192,0.008901785826679255,0.0017179588366934221,0.1,0.01717958836693422
2021-06-01,,0.1927553422609052,0.008822763994842407,0.0017006348935130395,0.1,0.017006348935130394
2021-06-02,,0.18981298064584048,0.008773120309833307,0.0016652521155740196,0.1,0.016652521155740195
2021-06-03,,0.18870792144749712,0.008739264458776085,0.0016491684309956208,0.1,0.016491684309956206
2021-06-04,,0.18268236784965497,0.008751947149459207,0.001598826428558246,0.1,0.01598826428558246
2021-06-07,,0.18111690041809672,0.008728200385152922,0.0015808245999869351,0.1,0.01580824599986935
2021-06-08,,0.18289835813053312,0.008846587976892173,0.0016180264160308932,0.1,0.01618026416030893
2021-06-09,,0.170576513180756,0.008784443167764682,0.0014984196857918144,0.1,0.014984196857918143
2021-06-10,,0.17117333590832287,0.008703421774701488,0.0014897937389927894,0.1,0.014897937389927894
2021-06-11,,0.1748701168871036,0.00876182176846261,0.0015321807967950255,0.1,0.015321807967950254
2021-06-14,,0.18110901491522793,0.008611749828722742,0.0015596655281763586,0.1,0.015596655281763586
2021-06-15,,0.18359098313527628,0.008660347161609122,0.0015899616496926183,0.1,0.015899616496926183
2021-06-16,,0.18289259601857297,0.008679518965757659,0.0015874197558398578,0.1,0.015874197558398577
2021-06-17,,0.17354482189093012,0.008672902182623475,0.0015051372645608501,0.1,0.015051372645608501
2021-06-18,,0.1907211366631539,0.00884707656590975,0.0016873244987962597,0.1,0.016873244987962596
2021-06-21,,0.18769345493563278,0.008790552894764322,0.0016499292436127435,0.1,0.016499292436127435
2021-06-22,,0.2084386801111034,0.0,0.0,0.1,0.0
2021-06-23,,0.20752548372507995,0.0,0.0,0.1,0.0
2021-06-24,,0.2024350256295437,0.0,0.0,0.1,0.0
2021-06-25,,0.20293520812585294,0.0,0.0,0.1,0.0
2021-06-28,,0.18221678954641632,0.0,0.0,0.1,0.0
2021-06-29,,0.17209168221804524,0.0,0.0,0.1,0.0
2021-06-30,,0.17104752650125363,0.0,0.0,0.1,0.0
2021-07-01,,0.1719998588207083,0.0,0.0,0.1,0.0
2021-07-02,,0.1730223517074396,0.0,0.0,0.1,0.0
2021-07-05,,0.17846887736158173,0.0,0.0,0.1,0.0
2021-07-06,,0.18446732125805745,0.009365344460729631,0.0017276000053297817,0.1,0.017276000053297817
2021-07-07,,0.18892029130541269,0.009539338108675485,0.001802174534351797,0.1,0.01802174534351797
2021-07-08,,0.18694225286823318,0.009610415580780369,0.0017965927396710517,0.1,0.017965927396710515
2021-07-09,,0.1884954485486542,0.009780366227710507,0.001843554519062401,0.1,0.018435545190624007
2021-07-12,,0.2074431182823822,0.00956966951135639,0.0019851620843676105,0.1,0.019851620843676105
2021-07-13,,0.1956614351843696,0.009542513241282621,0.0018671018360552083,0.1,0.018671018360552082
2021-07-14,,0.20010583562263046,0.009452351215175092,0.0018914706385111983,0.1,0.01891470638511198
2021-07-15,,0.20010483211805577,0.00947557306439317,0.0018961079572727667,0.1,0.018961079572727666
2021-07-16,,0.20189331284338313,0.009419711877516253,0.0019017768369819208,0.1,0.019017768369819207
2021-07-19,,0.1912857476691503,0.009410266275409024,0.0018000498202574054,0.1,0.01800049820257405
2021-07-20,,0.20407014113911606,0.00963702030359328,0.0019666280935148077,0.1,0.019666280935148075
2021-07-21,,0.18613243562863585,0.009626939258447572,0.00179188565182378,0.1,0.0179188565182378
2021-07-22,,0.18645434560389249,0.009685098352676063,0.0018058286754575525,0.1,0.018058286754575523
2021-07-23,,0.17773915089454967,0.009667637101542463,0.0017183176095848028,0.1,0.017183176095848025
2021-07-26,,0.17773709477176122,0.009686284875439478,0.0017216121328922638,0.1,0.017216121328922637
2021-07-27,,0.17019009313782546,0.009696776842619773,0.0016502953539821682,0.1,0.01650295353982168
2021-07-28,,0.1657890271659261,0.009759444656568628,0.0016180088352922089,0.1,0.016180088352922086
2021-07-29,,0.17032184076043838,0.00990823801342498,0.0016875893371390918,0.1,0.016875893371390917
2021-07-30,,0.1796337124745758,0.01011827522032487,0.001817583341666463,0.1,0.01817583341666463
2021-08-02,,0.17502468168904078,0.010166586233804288,0.0017794035194357795,0.1,0.017794035194357793
2021-08-03,,0.17316458467512663,0.010249854112628215,0.0017749117303939035,0.1,0.017749117303939032
2021-08-04,,0.17962577708411953,0.010118067022693716,0.0018174656515405625,0.1,0.018174656515405625
2021-08-05,,0.17191607742036147,0.010117509810386493,0.0017393625998636708,0.1,0.017393625998636707
2021-08-06,,0.1744009402861253,0.010243835329595882,0.001786534513617752,0.1,0.01786534513617752
2021-08-09,,0.16936463161412135,0.010362412588481161,0.0017550261906816456,0.1,0.017550261906816456
2021-08-10,,0.14449012163890587,0.010399535517445643,0.0015026301519038428,0.1,0.015026301519038427
2021-08-11,,0.14467380590428444,0.01052253977560559,0.0015223358771160758,0.1,0.015223358771160758
2021-08-12,,0.1355081606904018,0.010596052721785177,0.0014358516149076352,0.1,0.01435851614907635
2021-08-13,,0.13934206914598143,0.010762304636728169,0.001499641796861093,0.1,0.01499641796861093
2021-08-16,,0.1327001840125809,0.010811066317673219,0.0014346304897274516,0.1,0.014346304897274516
2021-08-17,,0.1345386239412777,0.010775409203748011,0.0014497087266764361,0.1,0.014497087266764361
2021-08-18,,0.11912077604617262,0.010830335581867714,0.0012901179793525586,0.1,0.012901179793525586
2021-08-19,,0.18116561247125873,0.01046273806032595,0.0018954883488253003,0.1,0.018954883488253003
2021-08-20,,0.18111753066810213,0.01052205487937814,0.0019057285973072238,0.1,0.019057285973072238
2021-08-23,,0.24259478317064007,0.0,0.0,0.1,0.0
2021-08-24,,0.253911985510529,0.0,0.0,0.1,0.0
2021-08-25,,0.25462556247751095,0.0,0.0,0.1,0.0
2021-08-26,,0.2547185842497442,0.0,0.0,0.1,0.0
2021-08-27,,0.25404940481183774,0.0,0.0,0.1,0.0
2021-08-30,,0.2434106214721498,0.008039013403970901,0.0019567812486834995,0.1,0.019567812486834993
2021-08-31,,0.25135879083534984,0.008179339350844942,0.00205594884906038,0.1,0.020559488490603798
2021-09-01,,0.2495353503697793,0.008140423921008782,0.002031323535287459,0.1,0.02031323535287459
2021-09-02,,0.26561179551396175,0.008368937089885783,0.0022228884069879526,0.1,0.022228884069879523
2021-09-03,,0.265611028937557,0.00837704869127534,0.0022250365223496584,0.1,0.022250365223496583
2021-09-06,,0.26294941078427014,0.008426171882163642,0.0022156569315819143,0.1,0.022156569315819143
2021-09-07,,0.2695527411379666,0.0,0.0,0.1,0.0
2021-09-08,,0.2694418645922318,0.0,0.0,0.1,0.0
2021-09-09,,0.2691623380754891,0.0,0.0,0.1,0.0
2021-09-10,,0.26782431155251357,0.0,0.0,0.1,0.0
2021-09-13,,0.26133820639325234,0.0,0.0,0.1,0.0
2021-09-14,,0.2646016539112655,0.0,0.0,0.1,0.0
2021-09-15,,0.2645900006800654,0.0,0.0,0.1,0.0
2021-09-16,,0.2637840048296967,0.0,0.0,0.1,0.0
2021-09-17,,0.24287791413486448,0.0,0.0,0.1,0.0
2021-09-20,,0.24191027490334224,0.0,0.0,0.1,0.0
2021-09-21,,0.1887345042343404,0.0,0.0,0.1,0.0
2021-09-22,,0.1734565393739593,0.0,0.0,0.1,0.0
2021-09-23,,0.1727943782081538,0.0,0.0,0.1,0.0
2021-09-24,,0.17350689624372106,0.0,0.0,0.1,0.0
2021-09-27,,0.17154367224911474,0.0,0.0,0.1,0.0
2021-09-28,,0.17478557816209656,0.0,0.0,0.1,0.0
2021-09-29,,0.17147111455617875,0.0,0.0,0.1,0.0
2021-09-30,,0.17109777866536802,0.0,0.0,0.1,0.0
2021-10-01,,0.15241724397935222,0.010029475941740473,0.001528665081597301,0.1,0.015286650815973008
2021-10-04,,0.15420808728324112,0.010092478677104276,0.001556341832743146,0.1,0.01556341832743146
2021-10-05,,0.15456076030249682,0.010158232618383063,0.0015700641568269092,0.1,0.015700641568269093
2021-10-06,,0.14607629431037353,0.009985068379641599,0.0014585817873337308,0.1,0.014585817873337308
2021-10-07,,0.14660496434439133,0.010022244215472162,0.0014693107558600787,0.1,0.014693107558600786
2021-10-08,,0.14822496388160636,0.01012021665379286,0.0015000687479824778,0.1,0.015000687479824778
2021-10-11,,0.1499250827688754,0.0,0.0,0.1,0.0
2021-10-12,,0.15333589532206263,0.0,0.0,0.1,0.0
2021-10-13,,0.1539290694501348,0.0,0.0,0.1,0.0
2021-10-14,,0.1548835445505849,0.0,0.0,0.1,0.0
2021-10-15,,0.15256939100758238,0.0,0.0,0.1,0.0
2021-10-18,,0.14711383111847912,0.0,0.0,0.1,0.0
2021-10-19,,0.15283377098910841,0.0,0.0,0.1,0.0
2021-10-20,,0.1658627098917525,0.012833784097961638,0.0021286462086535975,0.1,0.021286462086535975
2021-10-21,,0.1818878922017641,0.013130083121735334,0.0023882031434463986,0.1,0.023882031434463984
2021-10-22,,0.18895600230352033,0.01335520089335851,0.002523545370769427,0.1,0.02523545370769427
2021-10-25,,0.18799401039865946,0.013350914020297517,0.00250989186916342,0.1,0.025098918691634196
2021-10-26,,0.1819661876593275,0.013421897788713204,0.0024423315717653,0.1,0.024423315717652997
2021-10-27,,0.17566229130985478,0.013561393595976943,0.0023822254724241007,0.1,0.023822254724241005
2021-10-28,,0.1716846257285637,0.013595168987261949,0.002334081499294644,0.1,0.02334081499294644
2021-10-29,,0.16962842681154341,0.013630618904369547,0.0023121404412158896,0.1,0.023121404412158895
2021-11-01,,0.15515523903472453,0.01378185512722341,0.002138327026606292,0.1,0.021383270266062918
